timestamp,wheel,action,current,status,speed,pid_last_output,pid_last_delta,pid_set_point,pid_i,pid_d,pid_last_error
1550348686.8102736,b'fr',b'SK',1.0,32,0.0,0.0,0.03261876106262207,0.0,0.0,0.0,0.0
1550348686.8252335,b'bl',b'SK',1.0,32,0.0,0.0,0.045450687408447266,0.0,0.0,0.0,0.0
1550348686.8286495,b'br',b'SK',1.0,32,0.0,0.0,0.04560995101928711,0.0,0.0,0.0,0.0
1550348686.8416164,b'fl',b'SK',359.0,32,0.0,0.0,0.03829360008239746,0.0,0.0,0.0,0.0
1550348686.8458874,b'fr',b'SK',1.0,32,0.0,0.0,0.035144805908203125,0.0,0.0,0.0,0.0
1550348686.8496373,b'bl',b'SK',1.0,32,0.0,0.0,0.024538040161132812,0.0,0.0,0.0,0.0
1550348686.8557732,b'br',b'SK',1.0,32,0.0,0.0,0.02715587615966797,0.0,0.0,0.0,0.0
1550348686.880598,b'fl',b'SK',359.0,32,0.0,0.0,0.03901791572570801,0.0,0.0,0.0,0.0
1550348686.8836722,b'fr',b'SK',1.0,32,0.0,0.0,0.0382688045501709,0.0,0.0,0.0,0.0
1550348686.8897762,b'bl',b'SK',1.0,32,0.0,0.0,0.04013872146606445,0.0,0.0,0.0,0.0
1550348686.899801,b'br',b'SK',1.0,32,0.0,0.0,0.04401874542236328,0.0,0.0,0.0,0.0
1550348686.917373,b'fl',b'SK',359.0,32,0.0,0.0,0.03661966323852539,0.0,0.0,0.0,0.0
1550348686.9238229,b'fr',b'SK',1.0,32,0.0,0.0,0.040152788162231445,0.0,0.0,0.0,0.0
1550348686.927913,b'bl',b'SK',1.0,32,0.0,0.0,0.03744864463806152,0.0,0.0,0.0,0.0
1550348686.940626,b'br',b'SK',1.0,32,0.0,0.0,0.04035472869873047,0.0,0.0,0.0,0.0
1550348686.9472508,b'fl',b'SK',359.0,32,0.0,0.0,0.030030012130737305,0.0,0.0,0.0,0.0
1550348686.9519298,b'fr',b'SK',1.0,32,0.0,0.0,0.02810192108154297,0.0,0.0,0.0,0.0
1550348686.9557188,b'bl',b'SK',1.0,32,0.0,0.0,0.028494834899902344,0.0,0.0,0.0,0.0
1550348686.9637356,b'br',b'SK',1.0,32,0.0,0.0,0.023578882217407227,0.0,0.0,0.0,0.0
1550348686.9774566,b'fl',b'SK',359.0,32,0.0,0.0,0.030202627182006836,0.0,0.0,0.0,0.0
1550348686.9886966,b'fr',b'SK',1.0,32,0.0,0.0,0.036653757095336914,0.0,0.0,0.0,0.0
1550348686.9920995,b'bl',b'SK',1.0,32,0.0,0.0,0.03638601303100586,0.0,0.0,0.0,0.0
1550348687.0006886,b'br',b'SK',1.0,32,0.0,0.0,0.03683876991271973,0.0,0.0,0.0,0.0
1550348687.0221465,b'fl',b'SK',359.0,32,0.0,0.0,0.04469895362854004,0.0,0.0,0.0,0.0
1550348687.0253522,b'fr',b'SK',1.0,32,0.0,0.0,0.03677177429199219,0.0,0.0,0.0,0.0
1550348687.0353713,b'bl',b'SK',1.0,32,0.0,0.0,0.04326367378234863,0.0,0.0,0.0,0.0
1550348687.0396032,b'br',b'SK',1.0,32,0.0,0.0,0.03903460502624512,0.0,0.0,0.0,0.0
1550348687.061588,b'fl',b'SK',359.0,32,0.0,0.0,0.03943777084350586,0.0,0.0,0.0,0.0
1550348687.0653982,b'fr',b'SK',1.0,32,0.0,0.0,0.040045738220214844,0.0,0.0,0.0,0.0
1550348687.0679522,b'bl',b'SK',1.0,32,0.0,0.0,0.032579898834228516,0.0,0.0,0.0,0.0
1550348687.07743,b'br',b'SK',1.0,32,0.0,0.0,0.037825822830200195,0.0,0.0,0.0,0.0
1550348687.102758,b'fl',b'SK',359.0,32,0.0,0.0,0.04102373123168945,0.0,0.0,0.0,0.0
1550348687.1058798,b'fr',b'SK',1.0,32,0.0,0.0,0.03978776931762695,0.0,0.0,0.0,0.0
1550348687.1085348,b'bl',b'SK',1.0,32,0.0,0.0,0.04045367240905762,0.0,0.0,0.0,0.0
1550348687.1101139,b'br',b'SK',1.0,32,0.0,0.0,0.032681941986083984,0.0,0.0,0.0,0.0
1550348687.1276987,b'fl',b'SK',359.0,32,0.0,0.0,0.02508687973022461,0.0,0.0,0.0,0.0
1550348687.1328478,b'fr',b'SK',1.0,32,0.0,0.0,0.027660846710205078,0.0,0.0,0.0,0.0
1550348687.1365287,b'bl',b'SK',1.0,32,0.0,0.0,0.02811884880065918,0.0,0.0,0.0,0.0
1550348687.1415787,b'br',b'SK',1.0,32,0.0,0.0,0.03110480308532715,0.0,0.0,0.0,0.0
1550348687.1677825,b'fl',b'SK',359.0,32,0.0,0.0,0.039937734603881836,0.0,0.0,0.0,0.0
1550348687.1748476,b'fr',b'SK',1.0,32,0.0,0.0,0.041998863220214844,0.0,0.0,0.0,0.0
1550348687.1785386,b'bl',b'SK',1.0,32,0.0,0.0,0.04162287712097168,0.0,0.0,0.0,0.0
1550348687.1876075,b'br',b'SK',1.0,32,0.0,0.0,0.04586672782897949,0.0,0.0,0.0,0.0
1550348687.2067623,b'fl',b'SK',359.0,32,0.0,0.0,0.038666725158691406,0.0,0.0,0.0,0.0
1550348687.2127714,b'fr',b'SK',1.0,32,0.0,0.0,0.03708767890930176,0.0,0.0,0.0,0.0
1550348687.2233312,b'bl',b'SK',1.0,32,0.0,0.0,0.045180559158325195,0.0,0.0,0.0,0.0
1550348687.2278852,b'br',b'SK',1.0,32,0.0,0.0,0.040802717208862305,0.0,0.0,0.0,0.0
1550348687.257371,b'fl',b'SK',359.0,32,0.0,0.0,0.05092883110046387,0.0,0.0,0.0,0.0
1550348687.259944,b'fr',b'SK',1.0,32,0.0,0.0,0.047539710998535156,0.0,0.0,0.0,0.0
1550348687.262586,b'bl',b'SK',1.0,32,0.0,0.0,0.0392608642578125,0.0,0.0,0.0,0.0
1550348687.264827,b'br',b'SK',1.0,32,0.0,0.0,0.03693985939025879,0.0,0.0,0.0,0.0
1550348687.2861829,b'fl',b'SK',359.0,32,0.0,0.0,0.028845787048339844,0.0,0.0,0.0,0.0
1550348687.2919888,b'fr',b'SK',1.0,32,0.0,0.0,0.03251981735229492,0.0,0.0,0.0,0.0
1550348687.3020349,b'bl',b'SK',1.0,32,0.0,0.0,0.03944683074951172,0.0,0.0,0.0,0.0
1550348687.3049448,b'br',b'SK',1.0,32,0.0,0.0,0.0401158332824707,0.0,0.0,0.0,0.0
1550348687.3259478,b'fl',b'SK',359.0,32,0.0,0.0,0.039792776107788086,0.0,0.0,0.0,0.0
1550348687.3371706,b'fr',b'SK',1.0,32,0.0,0.0,0.04505276679992676,0.0,0.0,0.0,0.0
1550348687.3404605,b'bl',b'SK',1.0,32,0.0,0.0,0.0379796028137207,0.0,0.0,0.0,0.0
1550348687.3447926,b'br',b'SK',1.0,32,0.0,0.0,0.03985166549682617,0.0,0.0,0.0,0.0
1550348687.3607054,b'fl',b'SK',359.0,32,0.0,0.0,0.03482675552368164,0.0,0.0,0.0,0.0
1550348687.3670213,b'fr',b'SK',1.0,32,0.0,0.0,0.02997589111328125,0.0,0.0,0.0,0.0
1550348687.3701994,b'bl',b'SK',1.0,32,0.0,0.0,0.029681921005249023,0.0,0.0,0.0,0.0
1550348687.3801754,b'br',b'SK',1.0,32,0.0,0.0,0.034886837005615234,0.0,0.0,0.0,0.0
1550348687.3961754,b'fl',b'SK',359.0,32,0.0,0.0,0.035475730895996094,0.0,0.0,0.0,0.0
1550348687.4009552,b'fr',b'SK',1.0,32,0.0,0.0,0.03381967544555664,0.0,0.0,0.0,0.0
1550348687.4054422,b'bl',b'SK',1.0,32,0.0,0.0,0.03574681282043457,0.0,0.0,0.0,0.0
1550348687.4097512,b'br',b'SK',1.0,32,0.0,0.0,0.029906749725341797,0.0,0.0,0.0,0.0
1550348687.4268422,b'fl',b'SK',359.0,32,0.0,0.0,0.030181884765625,0.0,0.0,0.0,0.0
1550348687.429305,b'fr',b'SK',1.0,32,0.0,0.0,0.02794194221496582,0.0,0.0,0.0,0.0
1550348687.43423,b'bl',b'SK',1.0,32,0.0,0.0,0.028784751892089844,0.0,0.0,0.0,0.0
1550348687.44445,b'br',b'SK',1.0,32,0.0,0.0,0.034863948822021484,0.0,0.0,0.0,0.0
1550348687.467646,b'fl',b'SK',359.0,32,0.0,0.0,0.04129171371459961,0.0,0.0,0.0,0.0
1550348687.4709718,b'fr',b'SK',1.0,32,0.0,0.0,0.042186737060546875,0.0,0.0,0.0,0.0
1550348687.4751737,b'bl',b'SK',1.0,32,0.0,0.0,0.040947914123535156,0.0,0.0,0.0,0.0
1550348687.4818077,b'br',b'SK',1.0,32,0.0,0.0,0.0373537540435791,0.0,0.0,0.0,0.0
1550348687.4985986,b'fl',b'SK',359.0,32,0.0,0.0,0.03053879737854004,0.0,0.0,0.0,0.0
1550348687.5051618,b'fr',b'SK',1.0,32,0.0,0.0,0.03418874740600586,0.0,0.0,0.0,0.0
1550348687.5118055,b'bl',b'SK',1.0,32,0.0,0.0,0.036629676818847656,0.0,0.0,0.0,0.0
1550348687.5170317,b'br',b'SK',1.0,32,0.0,0.0,0.03514266014099121,0.0,0.0,0.0,0.0
1550348687.5422244,b'fl',b'SK',359.0,32,0.0,0.0,0.04394078254699707,0.0,0.0,0.0,0.0
1550348687.5501075,b'fr',b'SK',1.0,32,0.0,0.0,0.044110774993896484,0.0,0.0,0.0,0.0
1550348687.5554404,b'bl',b'SK',1.0,32,0.0,0.0,0.043173789978027344,0.0,0.0,0.0,0.0
1550348687.5587883,b'br',b'SK',1.0,32,0.0,0.0,0.04184293746948242,0.0,0.0,0.0,0.0
1550348687.5789003,b'fl',b'SK',359.0,32,0.0,0.0,0.03676581382751465,0.0,0.0,0.0,0.0
1550348687.5816731,b'fr',b'SK',1.0,32,0.0,0.0,0.03240394592285156,0.0,0.0,0.0,0.0
1550348687.583851,b'bl',b'SK',1.0,32,0.0,0.0,0.028364896774291992,0.0,0.0,0.0,0.0
1550348687.5875583,b'br',b'SK',1.0,32,0.0,0.0,0.028764724731445312,0.0,0.0,0.0,0.0
1550348687.606534,b'fl',b'SK',359.0,32,0.0,0.0,0.02764296531677246,0.0,0.0,0.0,0.0
1550348687.614196,b'fr',b'SK',1.0,32,0.0,0.0,0.03237485885620117,0.0,0.0,0.0,0.0
1550348687.625162,b'bl',b'SK',1.0,32,0.0,0.0,0.04181671142578125,0.0,0.0,0.0,0.0
1550348687.630073,b'br',b'SK',1.0,32,0.0,0.0,0.04251289367675781,0.0,0.0,0.0,0.0
1550348687.646668,b'fl',b'SK',359.0,32,0.0,0.0,0.040129661560058594,0.0,0.0,0.0,0.0
1550348687.6527338,b'fr',b'SK',1.0,32,0.0,0.0,0.03868865966796875,0.0,0.0,0.0,0.0
1550348687.6631737,b'bl',b'SK',1.0,32,0.0,0.0,0.038011789321899414,0.0,0.0,0.0,0.0
1550348687.6660247,b'br',b'SK',1.0,32,0.0,0.0,0.03595376014709473,0.0,0.0,0.0,0.0
1550348687.6870217,b'fl',b'SK',359.0,32,0.0,0.0,0.04022789001464844,0.0,0.0,0.0,0.0
1550348687.6969166,b'fr',b'SK',1.0,32,0.0,0.0,0.04376578330993652,0.0,0.0,0.0,0.0
1550348687.7013655,b'bl',b'SK',1.0,32,0.0,0.0,0.03818488121032715,0.0,0.0,0.0,0.0
1550348687.7081146,b'br',b'SK',1.0,32,0.0,0.0,0.042022705078125,0.0,0.0,0.0,0.0
1550348687.7327273,b'fl',b'SK',359.0,32,0.0,0.0,0.04583477973937988,0.0,0.0,0.0,0.0
1550348687.7361364,b'fr',b'SK',1.0,32,0.0,0.0,0.03963065147399902,0.0,0.0,0.0,0.0
1550348687.7387264,b'bl',b'SK',1.0,32,0.0,0.0,0.03682684898376465,0.0,0.0,0.0,0.0
1550348687.7419922,b'br',b'SK',1.0,32,0.0,0.0,0.03394794464111328,0.0,0.0,0.0,0.0
1550348687.7596982,b'fl',b'SK',359.0,32,0.0,0.0,0.026976823806762695,0.0,0.0,0.0,0.0
1550348687.7645183,b'fr',b'SK',1.0,32,0.0,0.0,0.027894973754882812,0.0,0.0,0.0,0.0
1550348687.7671323,b'bl',b'SK',1.0,32,0.0,0.0,0.028810739517211914,0.0,0.0,0.0,0.0
1550348687.7724962,b'br',b'SK',1.0,32,0.0,0.0,0.030501604080200195,0.0,0.0,0.0,0.0
1550348687.799412,b'fl',b'SK',359.0,32,0.0,0.0,0.03885364532470703,0.0,0.0,0.0,0.0
1550348687.804701,b'fr',b'SK',1.0,32,0.0,0.0,0.04014873504638672,0.0,0.0,0.0,0.0
1550348687.8091118,b'bl',b'SK',1.0,32,0.0,0.0,0.04212069511413574,0.0,0.0,0.0,0.0
1550348687.819537,b'br',b'SK',1.0,32,0.0,0.0,0.047041893005371094,0.0,0.0,0.0,0.0
1550348687.8374279,b'fl',b'SK',359.0,32,0.0,0.0,0.03886890411376953,0.0,0.0,0.0,0.0
1550348687.841313,b'fr',b'SK',1.0,32,0.0,0.0,0.03676581382751465,0.0,0.0,0.0,0.0
1550348687.8479626,b'bl',b'SK',1.0,32,0.0,0.0,0.03883671760559082,0.0,0.0,0.0,0.0
1550348687.8592846,b'br',b'SK',1.0,32,0.0,0.0,0.03974580764770508,0.0,0.0,0.0,0.0
1550348687.8759656,b'fl',b'SK',359.0,32,0.0,0.0,0.03853869438171387,0.0,0.0,0.0,0.0
1550348687.8831666,b'fr',b'SK',1.0,32,0.0,0.0,0.04222679138183594,0.0,0.0,0.0,0.0
1550348687.8953824,b'bl',b'SK',1.0,32,0.0,0.0,0.04743194580078125,0.0,0.0,0.0,0.0
1550348687.8970795,b'br',b'SK',1.0,32,0.0,0.0,0.03779864311218262,0.0,0.0,0.0,0.0
1550348687.9053154,b'fl',b'SK',359.0,32,0.0,0.0,0.029346942901611328,0.0,0.0,0.0,0.0
1550348687.9089005,b'fr',b'SK',1.0,32,0.0,0.0,0.025728702545166016,0.0,0.0,0.0,0.0
1550348687.9140394,b'bl',b'SK',1.0,32,0.0,0.0,0.018648862838745117,0.0,0.0,0.0,0.0
1550348687.9203713,b'br',b'SK',1.0,32,0.0,0.0,0.023286819458007812,0.0,0.0,0.0,0.0
1550348687.9441772,b'fl',b'SK',359.0,32,0.0,0.0,0.0387578010559082,0.0,0.0,0.0,0.0
1550348687.9485812,b'fr',b'SK',1.0,32,0.0,0.0,0.03968095779418945,0.0,0.0,0.0,0.0
1550348687.9513133,b'bl',b'SK',1.0,32,0.0,0.0,0.037274837493896484,0.0,0.0,0.0,0.0
1550348687.9605591,b'br',b'SK',1.0,32,0.0,0.0,0.04011082649230957,0.0,0.0,0.0,0.0
1550348687.984107,b'fl',b'SK',359.0,32,0.0,0.0,0.04003572463989258,0.0,0.0,0.0,0.0
1550348687.987424,b'fr',b'SK',1.0,32,0.0,0.0,0.03831171989440918,0.0,0.0,0.0,0.0
1550348687.996861,b'bl',b'SK',1.0,32,0.0,0.0,0.04540252685546875,0.0,0.0,0.0,0.0
1550348688.0015829,b'br',b'SK',1.0,32,0.0,0.0,0.04096579551696777,0.0,0.0,0.0,0.0
1550348688.0265837,b'fl',b'SK',359.0,32,0.0,0.0,0.042479753494262695,0.0,0.0,0.0,0.0
1550348688.0356607,b'fr',b'SK',1.0,32,0.0,0.0,0.04792165756225586,0.0,0.0,0.0,0.0
1550348688.0388556,b'bl',b'SK',1.0,32,0.0,0.0,0.042143821716308594,0.0,0.0,0.0,0.0
1550348688.0442755,b'br',b'SK',1.0,32,0.0,0.0,0.04267477989196777,0.0,0.0,0.0,0.0
1550348688.0633676,b'fl',b'SK',359.0,32,0.0,0.0,0.03678274154663086,0.0,0.0,0.0,0.0
1550348688.0673864,b'fr',b'SK',1.0,32,0.0,0.0,0.032570838928222656,0.0,0.0,0.0,0.0
1550348688.0691025,b'bl',b'SK',1.0,32,0.0,0.0,0.030247926712036133,0.0,0.0,0.0,0.0
1550348688.0725675,b'br',b'SK',1.0,32,0.0,0.0,0.028451919555664062,0.0,0.0,0.0,0.0
1550348688.0918953,b'fl',b'SK',359.0,32,0.0,0.0,0.02853083610534668,0.0,0.0,0.0,0.0
1550348688.0967083,b'fr',b'SK',1.0,32,0.0,0.0,0.029321908950805664,0.0,0.0,0.0,0.0
1550348688.1026843,b'bl',b'SK',1.0,32,0.0,0.0,0.033583879470825195,0.0,0.0,0.0,0.0
1550348688.1070483,b'br',b'SK',1.0,32,0.0,0.0,0.03411078453063965,0.0,0.0,0.0,0.0
1550348688.131951,b'fl',b'SK',359.0,32,0.0,0.0,0.04005169868469238,0.0,0.0,0.0,0.0
1550348688.1431332,b'fr',b'SK',1.0,32,0.0,0.0,0.0464327335357666,0.0,0.0,0.0,0.0
1550348688.145915,b'bl',b'SK',1.0,32,0.0,0.0,0.04322671890258789,0.0,0.0,0.0,0.0
1550348688.155257,b'br',b'SK',1.0,32,0.0,0.0,0.04857373237609863,0.0,0.0,0.0,0.0
1550348688.1779828,b'fl',b'SK',359.0,32,0.0,0.0,0.04587674140930176,0.0,0.0,0.0,0.0
1550348688.1819468,b'fr',b'SK',1.0,32,0.0,0.0,0.03831076622009277,0.0,0.0,0.0,0.0
1550348688.1908069,b'bl',b'SK',1.0,32,0.0,0.0,0.04477977752685547,0.0,0.0,0.0,0.0
1550348688.1963058,b'br',b'SK',1.0,32,0.0,0.0,0.04104280471801758,0.0,0.0,0.0,0.0
1550348688.2202547,b'fl',b'SK',359.0,32,0.0,0.0,0.042427778244018555,0.0,0.0,0.0,0.0
1550348688.2228756,b'fr',b'SK',1.0,32,0.0,0.0,0.04104185104370117,0.0,0.0,0.0,0.0
1550348688.2253525,b'bl',b'SK',1.0,32,0.0,0.0,0.03466963768005371,0.0,0.0,0.0,0.0
1550348688.2269666,b'br',b'SK',1.0,32,0.0,0.0,0.030672788619995117,0.0,0.0,0.0,0.0
1550348688.2442944,b'fl',b'SK',359.0,32,0.0,0.0,0.024039030075073242,0.0,0.0,0.0,0.0
1550348688.2489965,b'fr',b'SK',1.0,32,0.0,0.0,0.026358842849731445,0.0,0.0,0.0,0.0
1550348688.2551754,b'bl',b'SK',1.0,32,0.0,0.0,0.0298159122467041,0.0,0.0,0.0,0.0
1550348688.2574754,b'br',b'SK',1.0,32,0.0,0.0,0.030373811721801758,0.0,0.0,0.0,0.0
1550348688.2806304,b'fl',b'SK',359.0,32,0.0,0.0,0.0362546443939209,0.0,0.0,0.0,0.0
1550348688.2865613,b'fr',b'SK',1.0,32,0.0,0.0,0.03770875930786133,0.0,0.0,0.0,0.0
1550348688.2903032,b'bl',b'SK',1.0,32,0.0,0.0,0.03513073921203613,0.0,0.0,0.0,0.0
1550348688.2990773,b'br',b'SK',1.0,32,0.0,0.0,0.04172682762145996,0.0,0.0,0.0,0.0
1550348688.3203402,b'fl',b'SK',359.0,32,0.0,0.0,0.03979086875915527,0.0,0.0,0.0,0.0
1550348688.331453,b'fr',b'SK',1.0,32,0.0,0.0,0.04488968849182129,0.0,0.0,0.0,0.0
1550348688.334253,b'bl',b'SK',1.0,32,0.0,0.0,0.043939828872680664,0.0,0.0,0.0,0.0
1550348688.343914,b'br',b'SK',1.0,32,0.0,0.0,0.0448455810546875,0.0,0.0,0.0,0.0
1550348688.3691647,b'fl',b'SK',359.0,32,0.0,0.0,0.04881167411804199,0.0,0.0,0.0,0.0
1550348688.3730528,b'fr',b'SK',1.0,32,0.0,0.0,0.04158377647399902,0.0,0.0,0.0,0.0
1550348688.3746758,b'bl',b'SK',1.0,32,0.0,0.0,0.04043173789978027,0.0,0.0,0.0,0.0
1550348688.3762827,b'br',b'SK',1.0,32,0.0,0.0,0.03237295150756836,0.0,0.0,0.0,0.0
1550348688.3960626,b'fl',b'SK',359.0,32,0.0,0.0,0.026758909225463867,0.0,0.0,0.0,0.0
1550348688.3995147,b'fr',b'SK',1.0,32,0.0,0.0,0.02633190155029297,0.0,0.0,0.0,0.0
1550348688.4050126,b'bl',b'SK',1.0,32,0.0,0.0,0.030330896377563477,0.0,0.0,0.0,0.0
1550348688.4091046,b'br',b'SK',1.0,32,0.0,0.0,0.03281879425048828,0.0,0.0,0.0,0.0
1550348688.4308684,b'fl',b'SK',359.0,32,0.0,0.0,0.034947872161865234,0.0,0.0,0.0,0.0
1550348688.4359744,b'fr',b'SK',1.0,32,0.0,0.0,0.03654074668884277,0.0,0.0,0.0,0.0
1550348688.4416685,b'bl',b'SK',1.0,32,0.0,0.0,0.03665280342102051,0.0,0.0,0.0,0.0
1550348688.4520094,b'br',b'SK',1.0,32,0.0,0.0,0.042900800704956055,0.0,0.0,0.0,0.0
1550348688.4702413,b'fl',b'SK',359.0,32,0.0,0.0,0.03938555717468262,0.0,0.0,0.0,0.0
1550348688.476154,b'fr',b'SK',1.0,32,0.0,0.0,0.040254831314086914,0.0,0.0,0.0,0.0
1550348688.4788291,b'bl',b'SK',1.0,32,0.0,0.0,0.03700065612792969,0.0,0.0,0.0,0.0
1550348688.4889522,b'br',b'SK',1.0,32,0.0,0.0,0.03693866729736328,0.0,0.0,0.0,0.0
1550348688.506612,b'fl',b'SK',359.0,32,0.0,0.0,0.036366939544677734,0.0,0.0,0.0,0.0
1550348688.512122,b'fr',b'SK',1.0,32,0.0,0.0,0.03596377372741699,0.0,0.0,0.0,0.0
1550348688.524566,b'bl',b'SK',1.0,32,0.0,0.0,0.04542875289916992,0.0,0.0,0.0,0.0
1550348688.526381,b'br',b'SK',1.0,32,0.0,0.0,0.03743791580200195,0.0,0.0,0.0,0.0
1550348688.5341198,b'fl',b'SK',359.0,32,0.0,0.0,0.027505874633789062,0.0,0.0,0.0,0.0
1550348688.538204,b'fr',b'SK',1.0,32,0.0,0.0,0.025998830795288086,0.0,0.0,0.0,0.0
1550348688.5428548,b'bl',b'SK',1.0,32,0.0,0.0,0.01876997947692871,0.0,0.0,0.0,0.0
1550348688.5492077,b'br',b'SK',1.0,32,0.0,0.0,0.02281975746154785,0.0,0.0,0.0,0.0
1550348688.5627897,b'fl',b'SK',359.0,32,0.0,0.0,0.02829265594482422,0.0,0.0,0.0,0.0
1550348688.5740156,b'fr',b'SK',1.0,32,0.0,0.0,0.03589487075805664,0.0,0.0,0.0,0.0
1550348688.5779076,b'bl',b'SK',1.0,32,0.0,0.0,0.035042762756347656,0.0,0.0,0.0,0.0
1550348688.5827715,b'br',b'SK',1.0,32,0.0,0.0,0.03356289863586426,0.0,0.0,0.0,0.0
1550348688.6117194,b'fl',b'SK',359.0,32,0.0,0.0,0.04814577102661133,0.0,0.0,0.0,0.0
1550348688.6161644,b'fr',b'SK',1.0,32,0.0,0.0,0.042145729064941406,0.0,0.0,0.0,0.0
1550348688.6245015,b'bl',b'SK',1.0,32,0.0,0.0,0.0466008186340332,0.0,0.0,0.0,0.0
1550348688.6285994,b'br',b'SK',1.0,32,0.0,0.0,0.04502272605895996,0.0,0.0,0.0,0.0
1550348688.6520352,b'fl',b'SK',359.0,32,0.0,0.0,0.04110884666442871,0.0,0.0,0.0,0.0
1550348688.6607652,b'fr',b'SK',1.0,32,0.0,0.0,0.04460477828979492,0.0,0.0,0.0,0.0
1550348688.6641002,b'bl',b'SK',1.0,32,0.0,0.0,0.03945660591125488,0.0,0.0,0.0,0.0
1550348688.668713,b'br',b'SK',1.0,32,0.0,0.0,0.04091763496398926,0.0,0.0,0.0,0.0
1550348688.687333,b'fl',b'SK',359.0,32,0.0,0.0,0.03566884994506836,0.0,0.0,0.0,0.0
1550348688.691425,b'fr',b'SK',1.0,32,0.0,0.0,0.030656814575195312,0.0,0.0,0.0,0.0
1550348688.693146,b'bl',b'SK',1.0,32,0.0,0.0,0.02918696403503418,0.0,0.0,0.0,0.0
1550348688.6965659,b'br',b'SK',1.0,32,0.0,0.0,0.027858972549438477,0.0,0.0,0.0,0.0
1550348688.7169058,b'fl',b'SK',359.0,32,0.0,0.0,0.02943277359008789,0.0,0.0,0.0,0.0
1550348688.724377,b'fr',b'SK',1.0,32,0.0,0.0,0.03295278549194336,0.0,0.0,0.0,0.0
1550348688.7286477,b'bl',b'SK',1.0,32,0.0,0.0,0.035486698150634766,0.0,0.0,0.0,0.0
1550348688.7331188,b'br',b'SK',1.0,32,0.0,0.0,0.03654766082763672,0.0,0.0,0.0,0.0
1550348688.7532766,b'fl',b'SK',359.0,32,0.0,0.0,0.03650784492492676,0.0,0.0,0.0,0.0
1550348688.7662287,b'fr',b'SK',1.0,32,0.0,0.0,0.04095864295959473,0.0,0.0,0.0,0.0
1550348688.7710044,b'bl',b'SK',1.0,32,0.0,0.0,0.042366743087768555,0.0,0.0,0.0,0.0
1550348688.7807856,b'br',b'SK',1.0,32,0.0,0.0,0.04766988754272461,0.0,0.0,0.0,0.0
1550348688.8023612,b'fl',b'SK',359.0,32,0.0,0.0,0.048575639724731445,0.0,0.0,0.0,0.0
1550348688.8070064,b'fr',b'SK',1.0,32,0.0,0.0,0.041528940200805664,0.0,0.0,0.0,0.0
1550348688.8150134,b'bl',b'SK',1.0,32,0.0,0.0,0.04399895668029785,0.0,0.0,0.0,0.0
1550348688.8189452,b'br',b'SK',1.0,32,0.0,0.0,0.03815484046936035,0.0,0.0,0.0,0.0
1550348688.8407393,b'fl',b'SK',359.0,32,0.0,0.0,0.03888678550720215,0.0,0.0,0.0,0.0
1550348688.8439472,b'fr',b'SK',1.0,32,0.0,0.0,0.03708767890930176,0.0,0.0,0.0,0.0
1550348688.8464642,b'bl',b'SK',1.0,32,0.0,0.0,0.031462669372558594,0.0,0.0,0.0,0.0
1550348688.8489761,b'br',b'SK',1.0,32,0.0,0.0,0.029889822006225586,0.0,0.0,0.0,0.0
1550348688.871806,b'fl',b'SK',359.0,32,0.0,0.0,0.03107285499572754,0.0,0.0,0.0,0.0
1550348688.8784099,b'fr',b'SK',1.0,32,0.0,0.0,0.03416776657104492,0.0,0.0,0.0,0.0
1550348688.888155,b'bl',b'SK',1.0,32,0.0,0.0,0.04148983955383301,0.0,0.0,0.0,0.0
1550348688.8917308,b'br',b'SK',1.0,32,0.0,0.0,0.04290461540222168,0.0,0.0,0.0,0.0
1550348688.9089668,b'fl',b'SK',359.0,32,0.0,0.0,0.03702092170715332,0.0,0.0,0.0,0.0
1550348688.9141207,b'fr',b'SK',1.0,32,0.0,0.0,0.0359959602355957,0.0,0.0,0.0,0.0
1550348688.9171317,b'bl',b'SK',1.0,32,0.0,0.0,0.028351783752441406,0.0,0.0,0.0,0.0
1550348688.9264536,b'br',b'SK',1.0,32,0.0,0.0,0.03471994400024414,0.0,0.0,0.0,0.0
1550348688.9453766,b'fl',b'SK',359.0,32,0.0,0.0,0.0364077091217041,0.0,0.0,0.0,0.0
1550348688.9510086,b'fr',b'SK',1.0,32,0.0,0.0,0.03650975227355957,0.0,0.0,0.0,0.0
1550348688.9619734,b'bl',b'SK',1.0,32,0.0,0.0,0.04566383361816406,0.0,0.0,0.0,0.0
1550348688.9656954,b'br',b'SK',1.0,32,0.0,0.0,0.03923463821411133,0.0,0.0,0.0,0.0
1550348688.9861612,b'fl',b'SK',359.0,32,0.0,0.0,0.04092073440551758,0.0,0.0,0.0,0.0
1550348688.9982352,b'fr',b'SK',1.0,32,0.0,0.0,0.04752969741821289,0.0,0.0,0.0,0.0
1550348689.0012403,b'bl',b'SK',1.0,32,0.0,0.0,0.03877878189086914,0.0,0.0,0.0,0.0
1550348689.0032713,b'br',b'SK',1.0,32,0.0,0.0,0.03758096694946289,0.0,0.0,0.0,0.0
1550348689.0155323,b'fl',b'SK',359.0,32,0.0,0.0,0.029233932495117188,0.0,0.0,0.0,0.0
1550348689.0223162,b'fr',b'SK',1.0,32,0.0,0.0,0.0241549015045166,0.0,0.0,0.0,0.0
1550348689.027594,b'bl',b'SK',1.0,32,0.0,0.0,0.02684783935546875,0.0,0.0,0.0,0.0
1550348689.0335212,b'br',b'SK',1.0,32,0.0,0.0,0.030121803283691406,0.0,0.0,0.0,0.0
1550348689.0583708,b'fl',b'SK',359.0,32,0.0,0.0,0.04297971725463867,0.0,0.0,0.0,0.0
1550348689.0640578,b'fr',b'SK',1.0,32,0.0,0.0,0.0417478084564209,0.0,0.0,0.0,0.0
1550348689.0697148,b'bl',b'SK',1.0,32,0.0,0.0,0.04204273223876953,0.0,0.0,0.0,0.0
1550348689.0791008,b'br',b'SK',1.0,32,0.0,0.0,0.045697689056396484,0.0,0.0,0.0,0.0
1550348689.0974598,b'fl',b'SK',359.0,32,0.0,0.0,0.03869962692260742,0.0,0.0,0.0,0.0
1550348689.1017137,b'fr',b'SK',1.0,32,0.0,0.0,0.03765273094177246,0.0,0.0,0.0,0.0
1550348689.1073356,b'bl',b'SK',1.0,32,0.0,0.0,0.037561655044555664,0.0,0.0,0.0,0.0
1550348689.1109025,b'br',b'SK',1.0,32,0.0,0.0,0.031819820404052734,0.0,0.0,0.0,0.0
1550348689.1314235,b'fl',b'SK',359.0,32,0.0,0.0,0.03423595428466797,0.0,0.0,0.0,0.0
1550348689.1362615,b'fr',b'SK',1.0,32,0.0,0.0,0.03455066680908203,0.0,0.0,0.0,0.0
1550348689.1410005,b'bl',b'SK',1.0,32,0.0,0.0,0.033720970153808594,0.0,0.0,0.0,0.0
1550348689.1459334,b'br',b'SK',1.0,32,0.0,0.0,0.03502082824707031,0.0,0.0,0.0,0.0
1550348689.1643853,b'fl',b'SK',359.0,32,0.0,0.0,0.033072710037231445,0.0,0.0,0.0,0.0
1550348689.1666124,b'fr',b'SK',1.0,32,0.0,0.0,0.030210018157958984,0.0,0.0,0.0,0.0
1550348689.1686764,b'bl',b'SK',1.0,32,0.0,0.0,0.02775287628173828,0.0,0.0,0.0,0.0
1550348689.1723764,b'br',b'SK',1.0,32,0.0,0.0,0.026448726654052734,0.0,0.0,0.0,0.0
1550348689.1900291,b'fl',b'SK',359.0,32,0.0,0.0,0.025648832321166992,0.0,0.0,0.0,0.0
1550348689.1993842,b'fr',b'SK',1.0,32,0.0,0.0,0.03252577781677246,0.0,0.0,0.0,0.0
1550348689.2096372,b'bl',b'SK',1.0,32,0.0,0.0,0.04096174240112305,0.0,0.0,0.0,0.0
1550348689.213576,b'br',b'SK',1.0,32,0.0,0.0,0.04119682312011719,0.0,0.0,0.0,0.0
1550348689.238662,b'fl',b'SK',359.0,32,0.0,0.0,0.04862189292907715,0.0,0.0,0.0,0.0
1550348689.248664,b'fr',b'SK',1.0,32,0.0,0.0,0.049666643142700195,0.0,0.0,0.0,0.0
1550348689.252353,b'bl',b'SK',1.0,32,0.0,0.0,0.04271364212036133,0.0,0.0,0.0,0.0
1550348689.255792,b'br',b'SK',1.0,32,0.0,0.0,0.042064666748046875,0.0,0.0,0.0,0.0
1550348689.2747056,b'fl',b'SK',359.0,32,0.0,0.0,0.0360567569732666,0.0,0.0,0.0,0.0
1550348689.2851267,b'fr',b'SK',1.0,32,0.0,0.0,0.036305904388427734,0.0,0.0,0.0,0.0
1550348689.2888887,b'bl',b'SK',1.0,32,0.0,0.0,0.03606986999511719,0.0,0.0,0.0,0.0
1550348689.2976816,b'br',b'SK',1.0,32,0.0,0.0,0.0420379638671875,0.0,0.0,0.0,0.0
1550348689.3217576,b'fl',b'SK',359.0,32,0.0,0.0,0.04655861854553223,0.0,0.0,0.0,0.0
1550348689.3256695,b'fr',b'SK',1.0,32,0.0,0.0,0.03967475891113281,0.0,0.0,0.0,0.0
1550348689.3278134,b'bl',b'SK',1.0,32,0.0,0.0,0.03925180435180664,0.0,0.0,0.0,0.0
1550348689.3307064,b'br',b'SK',1.0,32,0.0,0.0,0.03302478790283203,0.0,0.0,0.0,0.0
1550348689.414978,b'fl',b'SK',359.0,32,0.0,0.0,0.09371066093444824,0.0,0.0,0.0,0.0
1550348689.419134,b'fr',b'BA',1.0,32,100.0,302.12122544982924,0.09401249885559082,90.0,8.367112398147583,946.682633515674,89.0
1550348689.4237869,b'bl',b'SK',1.0,32,0.0,0.0,0.0961143970489502,0.0,0.0,0.0,0.0
1550348689.4268289,b'br',b'SK',1.0,32,0.0,0.0,0.09612751007080078,0.0,0.0,0.0,0.0
1550348689.4494088,b'fl',b'SK',359.0,32,0.0,0.0,0.03442978858947754,0.0,0.0,0.0,0.0
1550348689.4576957,b'fr',b'BA',3.0,32,100.0,238.87896132526288,0.03899860382080078,90.0,11.759990930557251,-51.28388721786125,87.0
1550348689.4612367,b'bl',b'SK',1.0,32,0.0,0.0,0.037451744079589844,0.0,0.0,0.0,0.0
1550348689.4668486,b'br',b'SK',1.0,32,0.0,0.0,0.03904557228088379,0.0,0.0,0.0,0.0
1550348689.4881535,b'fl',b'SK',359.0,32,0.0,0.0,0.038672685623168945,0.0,0.0,0.0,0.0
1550348689.4907365,b'fr',b'BA',12.0,32,100.0,202.8578206750182,0.03303885459899902,90.0,14.337021589279175,-272.40653797582536,78.0
1550348689.4935975,b'bl',b'SK',0.0,32,0.0,0.0,0.03200888633728027,0.0,0.0,0.0,0.0
1550348689.4969234,b'br',b'SK',1.0,32,0.0,0.0,0.03104400634765625,0.0,0.0,0.0,0.0
1550348689.5161383,b'fl',b'SK',359.0,32,0.0,0.0,0.027220964431762695,0.0,0.0,0.0,0.0
1550348689.5226662,b'fr',b'BA',21.0,32,100.0,179.259407454217,0.03183794021606445,90.0,16.533839464187622,-282.68160373826174,69.0
1550348689.5332043,b'bl',b'SK',1.0,32,0.0,0.0,0.03985881805419922,0.0,0.0,0.0,0.0
1550348689.5364642,b'br',b'SK',1.0,32,0.0,0.0,0.039418697357177734,0.0,0.0,0.0,0.0
1550348689.55871,b'fl',b'SK',359.0,32,0.0,0.0,0.043361663818359375,0.0,0.0,0.0,0.0
1550348689.568818,b'fr',b'BA',34.0,32,100.0,145.75139454404433,0.04610466957092285,90.0,19.1157009601593,-281.9671005341897,56.0
1550348689.571958,b'bl',b'SK',1.0,32,0.0,0.0,0.038852691650390625,0.0,0.0,0.0,0.0
1550348689.576287,b'br',b'SK',1.0,32,0.0,0.0,0.03994870185852051,0.0,0.0,0.0,0.0
1550348689.595598,b'fl',b'SK',359.0,32,0.0,0.0,0.03693675994873047,0.0,0.0,0.0,0.0
1550348689.60667,b'fr',b'BA',44.0,32,100.0,120.92646971528131,0.0379948616027832,90.0,20.86346459388733,-263.19348401751984,46.0
1550348689.61106,b'bl',b'SK',1.0,32,0.0,0.0,0.03910374641418457,0.0,0.0,0.0,0.0
1550348689.6198878,b'br',b'SK',1.0,32,0.0,0.0,0.043164730072021484,0.0,0.0,0.0,0.0
1550348689.6337247,b'fl',b'SK',359.0,32,0.0,0.0,0.03776073455810547,0.0,0.0,0.0,0.0
1550348689.6470315,b'fr',b'BA',56.0,32,87.04505949754528,87.04505949754528,0.03981161117553711,90.0,22.21705937385559,-301.4196021128026,34.0
1550348689.6491306,b'bl',b'SK',1.0,32,0.0,0.0,0.03806781768798828,0.0,0.0,0.0,0.0
1550348689.6530385,b'br',b'SK',1.0,32,0.0,0.0,0.032670021057128906,0.0,0.0,0.0,0.0
1550348689.6653035,b'fl',b'SK',359.0,32,0.0,0.0,0.03183388710021973,0.0,0.0,0.0,0.0
1550348689.6729004,b'fr',b'BA',63.0,32,70.4662359567691,70.4662359567691,0.025950908660888672,90.0,22.917733907699585,-269.7400731308454,27.0
1550348689.6793864,b'bl',b'SK',1.0,32,0.0,0.0,0.02973198890686035,0.0,0.0,0.0,0.0
1550348689.6856184,b'br',b'SK',1.0,32,0.0,0.0,0.0325927734375,0.0,0.0,0.0,0.0
1550348689.7044842,b'fl',b'SK',359.0,32,0.0,0.0,0.03888583183288574,0.0,0.0,0.0,0.0
1550348689.7117522,b'fr',b'BA',73.0,32,44.79817645647846,44.79817645647846,0.039334774017333984,90.0,23.586425065994263,-254.22797638530264,17.0
1550348689.7161722,b'bl',b'SK',1.0,32,0.0,0.0,0.036809682846069336,0.0,0.0,0.0,0.0
1550348689.723653,b'br',b'SK',1.0,32,0.0,0.0,0.038930654525756836,0.0,0.0,0.0,0.0
1550348689.750912,b'fl',b'SK',359.0,32,0.0,0.0,0.046823740005493164,0.0,0.0,0.0,0.0
1550348689.756417,b'fr',b'BA',83.0,32,19.765962682262646,19.765962682262646,0.044533729553222656,90.0,23.89816117286682,-224.5489003576247,7.0
1550348689.760388,b'bl',b'SK',1.0,32,0.0,0.0,0.04471468925476074,0.0,0.0,0.0,0.0
1550348689.7755299,b'br',b'SK',1.0,32,0.0,0.0,0.05173182487487793,0.0,0.0,0.0,0.0
1550348689.7989109,b'fl',b'SK',359.0,32,0.0,0.0,0.04793572425842285,0.0,0.0,0.0,0.0
1550348689.8126676,b'fr',b'FO',89.0,32,7.5219375224171285,-7.5219375224171285,0.05583667755126953,90.0,0.0,-125.36562537361868,0.0
1550348689.8158216,b'bl',b'SK',1.0,32,0.0,0.0,0.055017709732055664,0.0,0.0,0.0,0.0
1550348689.8188946,b'br',b'SK',1.0,32,0.0,0.0,0.043512821197509766,0.0,0.0,0.0,0.0
1550348689.8422606,b'fl',b'SK',359.0,32,0.0,0.0,0.04333162307739258,0.0,0.0,0.0,0.0
1550348689.8479204,b'fr',b'SK',89.0,32,0.0,0.0,0.03581690788269043,90.0,0.0,0.0,0.0
1550348689.8607683,b'bl',b'SK',1.0,32,0.0,0.0,0.04536175727844238,0.0,0.0,0.0,0.0
1550348689.8645244,b'br',b'SK',1.0,32,0.0,0.0,0.04563260078430176,0.0,0.0,0.0,0.0
1550348689.8875823,b'fl',b'SK',359.0,32,0.0,0.0,0.045271873474121094,0.0,0.0,0.0,0.0
1550348689.8968172,b'fr',b'SK',89.0,32,0.0,0.0,0.04889678955078125,90.0,0.0,0.0,0.0
1550348689.9003172,b'bl',b'SK',1.0,32,0.0,0.0,0.03955078125,0.0,0.0,0.0,0.0
1550348689.9044952,b'br',b'SK',1.0,32,0.0,0.0,0.03997373580932617,0.0,0.0,0.0,0.0
1550348689.9214392,b'fl',b'SK',359.0,32,0.0,0.0,0.033136844635009766,0.0,0.0,0.0,0.0
1550348689.9277601,b'fr',b'SK',89.0,32,0.0,0.0,0.03095269203186035,90.0,0.0,0.0,0.0
1550348689.939954,b'bl',b'SK',1.0,32,0.0,0.0,0.03963470458984375,0.0,0.0,0.0,0.0
1550348689.9433339,b'br',b'SK',1.0,32,0.0,0.0,0.03882884979248047,0.0,0.0,0.0,0.0
1550348689.9753008,b'fl',b'SK',359.0,32,0.0,0.0,0.05460953712463379,0.0,0.0,0.0,0.0
1550348689.9771597,b'fr',b'SK',89.0,32,0.0,0.0,0.04929471015930176,90.0,0.0,0.0,0.0
1550348689.9815087,b'bl',b'SK',1.0,32,0.0,0.0,0.04139280319213867,0.0,0.0,0.0,0.0
1550348689.9832318,b'br',b'SK',1.0,32,0.0,0.0,0.03990578651428223,0.0,0.0,0.0,0.0
1550348689.9960587,b'fl',b'SK',359.0,32,0.0,0.0,0.020698070526123047,0.0,0.0,0.0,0.0
1550348690.0052476,b'fr',b'SK',89.0,32,0.0,0.0,0.028187990188598633,90.0,0.0,0.0,0.0
1550348690.0081437,b'bl',b'SK',1.0,32,0.0,0.0,0.026578903198242188,0.0,0.0,0.0,0.0
1550348690.0134676,b'br',b'SK',1.0,32,0.0,0.0,0.030232906341552734,0.0,0.0,0.0,0.0
1550348690.0354223,b'fl',b'SK',359.0,32,0.0,0.0,0.038422584533691406,0.0,0.0,0.0,0.0
1550348690.0421324,b'fr',b'SK',89.0,32,0.0,0.0,0.03688359260559082,90.0,0.0,0.0,0.0
1550348690.0479383,b'bl',b'SK',1.0,32,0.0,0.0,0.040013790130615234,0.0,0.0,0.0,0.0
1550348690.0534513,b'br',b'SK',1.0,32,0.0,0.0,0.03998279571533203,0.0,0.0,0.0,0.0
1550348690.0716882,b'fl',b'SK',359.0,32,0.0,0.0,0.03737497329711914,0.0,0.0,0.0,0.0
1550348690.079235,b'fr',b'SK',89.0,32,0.0,0.0,0.03710198402404785,90.0,0.0,0.0,0.0
1550348690.084207,b'bl',b'SK',1.0,32,0.0,0.0,0.036191701889038086,0.0,0.0,0.0,0.0
1550348690.0878003,b'br',b'SK',1.0,32,0.0,0.0,0.03428173065185547,0.0,0.0,0.0,0.0
1550348690.109759,b'fl',b'SK',359.0,32,0.0,0.0,0.037935733795166016,0.0,0.0,0.0,0.0
1550348690.1180859,b'fr',b'SK',89.0,32,0.0,0.0,0.03864169120788574,90.0,0.0,0.0,0.0
1550348690.121669,b'bl',b'SK',1.0,32,0.0,0.0,0.03738880157470703,0.0,0.0,0.0,0.0
1550348690.129637,b'br',b'SK',1.0,32,0.0,0.0,0.04150581359863281,0.0,0.0,0.0,0.0
1550348690.1476448,b'fl',b'SK',359.0,32,0.0,0.0,0.038022756576538086,0.0,0.0,0.0,0.0
1550348690.1499398,b'fr',b'SK',89.0,32,0.0,0.0,0.032060861587524414,90.0,0.0,0.0,0.0
1550348690.1523387,b'bl',b'SK',1.0,32,0.0,0.0,0.030826807022094727,0.0,0.0,0.0,0.0
1550348690.1552768,b'br',b'SK',1.0,32,0.0,0.0,0.02521681785583496,0.0,0.0,0.0,0.0
1550348690.1730056,b'fl',b'SK',359.0,32,0.0,0.0,0.02536487579345703,0.0,0.0,0.0,0.0
1550348690.1793327,b'fr',b'SK',89.0,32,0.0,0.0,0.029392719268798828,90.0,0.0,0.0,0.0
1550348690.1845567,b'bl',b'SK',1.0,32,0.0,0.0,0.03171491622924805,0.0,0.0,0.0,0.0
1550348690.1871877,b'br',b'SK',1.0,32,0.0,0.0,0.0327298641204834,0.0,0.0,0.0,0.0
1550348690.2101815,b'fl',b'SK',359.0,32,0.0,0.0,0.03679180145263672,0.0,0.0,0.0,0.0
1550348690.2167645,b'fr',b'SK',89.0,32,0.0,0.0,0.03690075874328613,90.0,0.0,0.0,0.0
1550348690.2211783,b'bl',b'SK',1.0,32,0.0,0.0,0.037120819091796875,0.0,0.0,0.0,0.0
1550348690.2323804,b'br',b'SK',1.0,32,0.0,0.0,0.04519963264465332,0.0,0.0,0.0,0.0
1550348690.2507043,b'fl',b'SK',359.0,32,0.0,0.0,0.04090166091918945,0.0,0.0,0.0,0.0
1550348690.2560322,b'fr',b'SK',89.0,32,0.0,0.0,0.03979086875915527,90.0,0.0,0.0,0.0
1550348690.2593412,b'bl',b'SK',1.0,32,0.0,0.0,0.03761482238769531,0.0,0.0,0.0,0.0
1550348690.268877,b'br',b'SK',1.0,32,0.0,0.0,0.03649473190307617,0.0,0.0,0.0,0.0
1550348690.2838612,b'fl',b'SK',359.0,32,0.0,0.0,0.03263998031616211,0.0,0.0,0.0,0.0
1550348690.28875,b'fr',b'SK',89.0,32,0.0,0.0,0.03259682655334473,90.0,0.0,0.0,0.0
1550348690.294098,b'bl',b'SK',1.0,32,0.0,0.0,0.035306692123413086,0.0,0.0,0.0,0.0
1550348690.297555,b'br',b'SK',1.0,32,0.0,0.0,0.027861833572387695,0.0,0.0,0.0,0.0
1550348690.313016,b'fl',b'SK',359.0,32,0.0,0.0,0.0295257568359375,0.0,0.0,0.0,0.0
1550348690.3153088,b'fr',b'SK',89.0,32,0.0,0.0,0.026484966278076172,90.0,0.0,0.0,0.0
1550348690.319378,b'bl',b'SK',1.0,32,0.0,0.0,0.02479696273803711,0.0,0.0,0.0,0.0
1550348690.3227267,b'br',b'SK',1.0,32,0.0,0.0,0.025986909866333008,0.0,0.0,0.0,0.0
1550348690.3432508,b'fl',b'SK',359.0,32,0.0,0.0,0.029598712921142578,0.0,0.0,0.0,0.0
1550348690.3538218,b'fr',b'SK',89.0,32,0.0,0.0,0.0385746955871582,90.0,0.0,0.0,0.0
1550348690.3577585,b'bl',b'SK',1.0,32,0.0,0.0,0.03885769844055176,0.0,0.0,0.0,0.0
1550348690.3614757,b'br',b'SK',1.0,32,0.0,0.0,0.038748741149902344,0.0,0.0,0.0,0.0
1550348690.3812695,b'fl',b'SK',359.0,32,0.0,0.0,0.0388028621673584,0.0,0.0,0.0,0.0
1550348690.3923254,b'fr',b'SK',89.0,32,0.0,0.0,0.038646697998046875,90.0,0.0,0.0,0.0
1550348690.3955424,b'bl',b'SK',1.0,32,0.0,0.0,0.037634849548339844,0.0,0.0,0.0,0.0
1550348690.4046834,b'br',b'SK',1.0,32,0.0,0.0,0.04320788383483887,0.0,0.0,0.0,0.0
1550348690.4275532,b'fl',b'SK',359.0,32,0.0,0.0,0.04616880416870117,0.0,0.0,0.0,0.0
1550348690.4317973,b'fr',b'SK',89.0,32,0.0,0.0,0.03946089744567871,90.0,0.0,0.0,0.0
1550348690.4400642,b'bl',b'SK',1.0,32,0.0,0.0,0.04457283020019531,0.0,0.0,0.0,0.0
1550348690.4448562,b'br',b'SK',1.0,32,0.0,0.0,0.04017782211303711,0.0,0.0,0.0,0.0
1550348690.468201,b'fl',b'SK',359.0,32,0.0,0.0,0.040683746337890625,0.0,0.0,0.0,0.0
1550348690.471047,b'fr',b'SK',89.0,32,0.0,0.0,0.03925776481628418,90.0,0.0,0.0,0.0
1550348690.474202,b'bl',b'SK',1.0,32,0.0,0.0,0.03424072265625,0.0,0.0,0.0,0.0
1550348690.476879,b'br',b'SK',1.0,32,0.0,0.0,0.032016754150390625,0.0,0.0,0.0,0.0
1550348690.4982378,b'fl',b'SK',359.0,32,0.0,0.0,0.029919862747192383,0.0,0.0,0.0,0.0
1550348690.5018299,b'fr',b'SK',89.0,32,0.0,0.0,0.030380725860595703,90.0,0.0,0.0,0.0
1550348690.504541,b'bl',b'SK',0.0,32,0.0,0.0,0.03019881248474121,0.0,0.0,0.0,0.0
1550348690.5101008,b'br',b'SK',1.0,32,0.0,0.0,0.03323078155517578,0.0,0.0,0.0,0.0
1550348690.5299046,b'fl',b'SK',359.0,32,0.0,0.0,0.030992746353149414,0.0,0.0,0.0,0.0
1550348690.5370717,b'fr',b'SK',89.0,32,0.0,0.0,0.03549790382385254,90.0,0.0,0.0,0.0
1550348690.5438535,b'bl',b'SK',1.0,32,0.0,0.0,0.03945183753967285,0.0,0.0,0.0,0.0
1550348690.5486336,b'br',b'SK',1.0,32,0.0,0.0,0.038391828536987305,0.0,0.0,0.0,0.0
1550348690.5742784,b'fl',b'SK',359.0,32,0.0,0.0,0.04441070556640625,0.0,0.0,0.0,0.0
1550348690.5795844,b'fr',b'SK',89.0,32,0.0,0.0,0.042656660079956055,90.0,0.0,0.0,0.0
1550348690.5852125,b'bl',b'SK',1.0,32,0.0,0.0,0.04088568687438965,0.0,0.0,0.0,0.0
1550348690.5886784,b'br',b'SK',1.0,32,0.0,0.0,0.040178775787353516,0.0,0.0,0.0,0.0
1550348690.612461,b'fl',b'SK',359.0,32,0.0,0.0,0.03901982307434082,0.0,0.0,0.0,0.0
1550348690.615744,b'fr',b'SK',89.0,32,0.0,0.0,0.03576087951660156,90.0,0.0,0.0,0.0
1550348690.6223102,b'bl',b'SK',1.0,32,0.0,0.0,0.03756284713745117,0.0,0.0,0.0,0.0
1550348690.634565,b'br',b'SK',1.0,32,0.0,0.0,0.045877695083618164,0.0,0.0,0.0,0.0
1550348690.643648,b'fl',b'SK',359.0,32,0.0,0.0,0.030925989151000977,0.0,0.0,0.0,0.0
1550348690.646482,b'fr',b'SK',89.0,32,0.0,0.0,0.031139850616455078,90.0,0.0,0.0,0.0
1550348690.651136,b'bl',b'SK',1.0,32,0.0,0.0,0.02806377410888672,0.0,0.0,0.0,0.0
1550348690.654025,b'br',b'SK',1.0,32,0.0,0.0,0.019464969635009766,0.0,0.0,0.0,0.0
1550348690.6712048,b'fl',b'SK',359.0,32,0.0,0.0,0.02780461311340332,0.0,0.0,0.0,0.0
1550348690.67743,b'fr',b'SK',89.0,32,0.0,0.0,0.03059983253479004,90.0,0.0,0.0,0.0
1550348690.6807587,b'bl',b'SK',1.0,32,0.0,0.0,0.030386924743652344,0.0,0.0,0.0,0.0
1550348690.6895647,b'br',b'SK',1.0,32,0.0,0.0,0.035031795501708984,0.0,0.0,0.0,0.0
1550348690.7086487,b'fl',b'SK',359.0,32,0.0,0.0,0.03691387176513672,0.0,0.0,0.0,0.0
1550348690.7131906,b'fr',b'SK',89.0,32,0.0,0.0,0.03611278533935547,90.0,0.0,0.0,0.0
1550348690.7172356,b'bl',b'SK',1.0,32,0.0,0.0,0.03610968589782715,0.0,0.0,0.0,0.0
1550348690.7278144,b'br',b'SK',1.0,32,0.0,0.0,0.03876161575317383,0.0,0.0,0.0,0.0
1550348690.7472653,b'fl',b'SK',359.0,32,0.0,0.0,0.038665771484375,0.0,0.0,0.0,0.0
1550348690.7544303,b'fr',b'SK',89.0,32,0.0,0.0,0.041231632232666016,90.0,0.0,0.0,0.0
1550348690.7646334,b'bl',b'SK',1.0,32,0.0,0.0,0.04762673377990723,0.0,0.0,0.0,0.0
1550348690.7676873,b'br',b'SK',1.0,32,0.0,0.0,0.039871931076049805,0.0,0.0,0.0,0.0
1550348690.7855513,b'fl',b'SK',359.0,32,0.0,0.0,0.038768768310546875,0.0,0.0,0.0,0.0
1550348690.791469,b'fr',b'SK',89.0,32,0.0,0.0,0.03703880310058594,90.0,0.0,0.0,0.0
1550348690.805752,b'bl',b'SK',1.0,32,0.0,0.0,0.041258811950683594,0.0,0.0,0.0,0.0
1550348690.8077772,b'br',b'SK',1.0,32,0.0,0.0,0.040091753005981445,0.0,0.0,0.0,0.0
1550348690.815717,b'fl',b'SK',359.0,32,0.0,0.0,0.02979898452758789,0.0,0.0,0.0,0.0
1550348690.8195271,b'fr',b'SK',89.0,32,0.0,0.0,0.028064966201782227,90.0,0.0,0.0,0.0
1550348690.823173,b'bl',b'SK',1.0,32,0.0,0.0,0.017421960830688477,0.0,0.0,0.0,0.0
1550348690.827308,b'br',b'SK',1.0,32,0.0,0.0,0.019386768341064453,0.0,0.0,0.0,0.0
1550348690.849197,b'fl',b'SK',359.0,32,0.0,0.0,0.03385472297668457,0.0,0.0,0.0,0.0
1550348690.8596518,b'fr',b'SK',89.0,32,0.0,0.0,0.03996562957763672,90.0,0.0,0.0,0.0
1550348690.8628087,b'bl',b'SK',1.0,32,0.0,0.0,0.03963875770568848,0.0,0.0,0.0,0.0
1550348690.8719447,b'br',b'SK',1.0,32,0.0,0.0,0.04441094398498535,0.0,0.0,0.0,0.0
1550348690.8961716,b'fl',b'SK',359.0,32,0.0,0.0,0.046898841857910156,0.0,0.0,0.0,0.0
1550348690.9000735,b'fr',b'SK',89.0,32,0.0,0.0,0.040573835372924805,90.0,0.0,0.0,0.0
1550348690.9073036,b'bl',b'SK',1.0,32,0.0,0.0,0.044490814208984375,0.0,0.0,0.0,0.0
1550348690.9109735,b'br',b'SK',1.0,32,0.0,0.0,0.03902578353881836,0.0,0.0,0.0,0.0
1550348690.9369893,b'fl',b'SK',359.0,32,0.0,0.0,0.04089164733886719,0.0,0.0,0.0,0.0
1550348690.9444072,b'fr',b'SK',89.0,32,0.0,0.0,0.04383969306945801,90.0,0.0,0.0,0.0
1550348690.9492474,b'bl',b'SK',1.0,32,0.0,0.0,0.041945695877075195,0.0,0.0,0.0,0.0
1550348690.9544933,b'br',b'SK',1.0,32,0.0,0.0,0.04389166831970215,0.0,0.0,0.0,0.0
1550348690.9715283,b'fl',b'SK',359.0,32,0.0,0.0,0.03453779220581055,0.0,0.0,0.0,0.0
1550348690.9740891,b'fr',b'SK',89.0,32,0.0,0.0,0.0293428897857666,90.0,0.0,0.0,0.0
1550348690.9764283,b'bl',b'SK',1.0,32,0.0,0.0,0.027186870574951172,0.0,0.0,0.0,0.0
1550348690.9829972,b'br',b'SK',1.0,32,0.0,0.0,0.02850174903869629,0.0,0.0,0.0,0.0
1550348690.998492,b'fl',b'SK',359.0,32,0.0,0.0,0.026811838150024414,0.0,0.0,0.0,0.0
1550348691.004605,b'fr',b'SK',89.0,32,0.0,0.0,0.03126382827758789,90.0,0.0,0.0,0.0
1550348691.007795,b'bl',b'SK',1.0,32,0.0,0.0,0.031177759170532227,0.0,0.0,0.0,0.0
1550348691.01629,b'br',b'SK',1.0,32,0.0,0.0,0.033293962478637695,0.0,0.0,0.0,0.0
1550348691.033594,b'fl',b'SK',359.0,32,0.0,0.0,0.03442192077636719,0.0,0.0,0.0,0.0
1550348691.0383947,b'fr',b'SK',89.0,32,0.0,0.0,0.033679962158203125,90.0,0.0,0.0,0.0
1550348691.0432327,b'bl',b'SK',1.0,32,0.0,0.0,0.03548693656921387,0.0,0.0,0.0,0.0
1550348691.0474226,b'br',b'SK',1.0,32,0.0,0.0,0.03036665916442871,0.0,0.0,0.0,0.0
1550348691.0708866,b'fl',b'SK',359.0,32,0.0,0.0,0.03764081001281738,0.0,0.0,0.0,0.0
1550348691.0734706,b'fr',b'SK',89.0,32,0.0,0.0,0.03527259826660156,90.0,0.0,0.0,0.0
1550348691.0769167,b'bl',b'SK',1.0,32,0.0,0.0,0.033826589584350586,0.0,0.0,0.0,0.0
1550348691.0827186,b'br',b'SK',1.0,32,0.0,0.0,0.03605484962463379,0.0,0.0,0.0,0.0
1550348691.1045814,b'fl',b'SK',359.0,32,0.0,0.0,0.033333778381347656,0.0,0.0,0.0,0.0
1550348691.1086414,b'fr',b'SK',89.0,32,0.0,0.0,0.035170793533325195,90.0,0.0,0.0,0.0
1550348691.1145704,b'bl',b'SK',1.0,32,0.0,0.0,0.03764700889587402,0.0,0.0,0.0,0.0
1550348691.1184814,b'br',b'SK',1.0,32,0.0,0.0,0.035759925842285156,0.0,0.0,0.0,0.0
1550348691.1354573,b'fl',b'SK',359.0,32,0.0,0.0,0.03172469139099121,0.0,0.0,0.0,0.0
1550348691.1376562,b'fr',b'SK',89.0,32,0.0,0.0,0.029017925262451172,90.0,0.0,0.0,0.0
1550348691.1413493,b'bl',b'SK',1.0,32,0.0,0.0,0.026778697967529297,0.0,0.0,0.0,0.0
1550348691.145615,b'br',b'SK',1.0,32,0.0,0.0,0.026335716247558594,0.0,0.0,0.0,0.0
1550348691.163893,b'fl',b'SK',359.0,32,0.0,0.0,0.02843499183654785,0.0,0.0,0.0,0.0
1550348691.169616,b'fr',b'SK',89.0,32,0.0,0.0,0.031950950622558594,90.0,0.0,0.0,0.0
1550348691.179772,b'bl',b'SK',1.0,32,0.0,0.0,0.038423776626586914,0.0,0.0,0.0,0.0
1550348691.184873,b'br',b'SK',1.0,32,0.0,0.0,0.03987383842468262,0.0,0.0,0.0,0.0
1550348691.2795095,b'fl',b'SK',359.0,32,0.0,0.0,0.11550426483154297,0.0,0.0,0.0,0.0
1550348691.2826073,b'fr',b'FO',89.0,32,100.0,-293.92806903280314,0.11208415031433105,0.0,-9.975489377975464,-794.0462567669613,-89.0
1550348691.2848654,b'bl',b'SK',1.0,32,0.0,0.0,0.10500741004943848,0.0,0.0,0.0,0.0
1550348691.2882173,b'br',b'SK',1.0,32,0.0,0.0,0.10307741165161133,0.0,0.0,0.0,0.0
1550348691.3063202,b'fl',b'SK',359.0,32,0.0,0.0,0.026924848556518555,0.0,0.0,0.0,0.0
1550348691.3120203,b'fr',b'FO',88.0,32,100.0,-243.19179837154223,0.030189037322998047,0.0,-12.632124662399292,33.12460709829256,-88.0
1550348691.3163912,b'bl',b'SK',1.0,32,0.0,0.0,0.031604766845703125,0.0,0.0,0.0,0.0
1550348691.3267243,b'br',b'SK',1.0,32,0.0,0.0,0.03896689414978027,0.0,0.0,0.0,0.0
1550348691.345366,b'fl',b'SK',359.0,32,0.0,0.0,0.03852581977844238,0.0,0.0,0.0,0.0
1550348691.3513381,b'fr',b'FO',75.0,32,100.0,-191.59801872227482,0.03858065605163574,0.0,-15.525673866271973,336.9564266248092,-75.0
1550348691.361636,b'bl',b'SK',0.0,32,0.0,0.0,0.045253753662109375,0.0,0.0,0.0,0.0
1550348691.365642,b'br',b'SK',1.0,32,0.0,0.0,0.03853273391723633,0.0,0.0,0.0,0.0
1550348691.3872008,b'fl',b'SK',359.0,32,0.0,0.0,0.04221081733703613,0.0,0.0,0.0,0.0
1550348691.397421,b'fr',b'FO',61.0,32,100.0,-157.8267975245795,0.04691267013549805,0.0,-18.387346744537354,298.4268420357175,-61.0
1550348691.4010117,b'bl',b'SK',1.0,32,0.0,0.0,0.03887581825256348,0.0,0.0,0.0,0.0
1550348691.4095447,b'br',b'SK',1.0,32,0.0,0.0,0.044287681579589844,0.0,0.0,0.0,0.0
1550348691.4240196,b'fl',b'SK',359.0,32,0.0,0.0,0.03695368766784668,0.0,0.0,0.0,0.0
1550348691.4375556,b'fr',b'FO',50.0,32,100.0,-130.39227873476597,0.039244890213012695,0.0,-20.34959125518799,280.2912669724492,-50.0
1550348691.4403806,b'bl',b'SK',1.0,32,0.0,0.0,0.03986382484436035,0.0,0.0,0.0,0.0
1550348691.4434814,b'br',b'SK',1.0,32,0.0,0.0,0.03306770324707031,0.0,0.0,0.0,0.0
1550348691.4554915,b'fl',b'SK',359.0,32,0.0,0.0,0.031477928161621094,0.0,0.0,0.0,0.0
1550348691.4638674,b'fr',b'FO',42.0,32,100.0,-108.64941032058562,0.02720189094543457,0.0,-21.49207067489624,294.09720140587063,-42.0
1550348691.4692955,b'bl',b'SK',1.0,32,0.0,0.0,0.028915882110595703,0.0,0.0,0.0,0.0
1550348691.4747043,b'br',b'SK',1.0,32,0.0,0.0,0.03209400177001953,0.0,0.0,0.0,0.0
1550348691.499452,b'fl',b'SK',359.0,32,0.0,0.0,0.04381155967712402,0.0,0.0,0.0,0.0
1550348691.5057461,b'fr',b'FO',32.0,32,85.6138870247027,-85.6138870247027,0.04144477844238281,0.0,-22.81830358505249,241.28491877214782,-32.0
1550348691.511074,b'bl',b'SK',1.0,32,0.0,0.0,0.04172563552856445,0.0,0.0,0.0,0.0
1550348691.521449,b'br',b'SK',1.0,32,0.0,0.0,0.04585766792297363,0.0,0.0,0.0,0.0
1550348691.53946,b'fl',b'SK',359.0,32,0.0,0.0,0.04006481170654297,0.0,0.0,0.0,0.0
1550348691.542219,b'fr',b'FO',26.0,32,74.68745758196565,-74.68745758196565,0.03681778907775879,0.0,-23.77556610107422,162.96470131131616,-26.0
1550348691.545892,b'bl',b'SK',1.0,32,0.0,0.0,0.034790992736816406,0.0,0.0,0.0,0.0
1550348691.551777,b'br',b'SK',1.0,32,0.0,0.0,0.03121185302734375,0.0,0.0,0.0,0.0
1550348691.5765157,b'fl',b'SK',359.0,32,0.0,0.0,0.037062883377075195,0.0,0.0,0.0,0.0
1550348691.5851188,b'fr',b'FO',19.0,32,56.060012791780025,-56.060012791780025,0.04206371307373047,0.0,-24.574776649475098,166.4142199650849,-19.0
1550348691.5930996,b'bl',b'SK',1.0,32,0.0,0.0,0.04728555679321289,0.0,0.0,0.0,0.0
1550348691.5947917,b'br',b'SK',1.0,32,0.0,0.0,0.043019771575927734,0.0,0.0,0.0,0.0
1550348691.6092465,b'fl',b'SK',359.0,32,0.0,0.0,0.03195977210998535,0.0,0.0,0.0,0.0
1550348691.6165206,b'fr',b'FO',15.0,32,48.094895514286584,-48.094895514286584,0.0322568416595459,0.0,-25.058629274368286,124.00470083890757,-15.0
1550348691.6205566,b'bl',b'SK',1.0,32,0.0,0.0,0.02745985984802246,0.0,0.0,0.0,0.0
1550348691.6237295,b'br',b'SK',1.0,32,0.0,0.0,0.028795719146728516,0.0,0.0,0.0,0.0
1550348691.6508904,b'fl',b'SK',359.0,32,0.0,0.0,0.04158973693847656,0.0,0.0,0.0,0.0
1550348691.6583464,b'fr',b'FO',11.0,32,39.25205327643395,-39.25205327643395,0.04167962074279785,0.0,-25.517105102539062,95.97016308482584,-11.0
1550348691.6630824,b'bl',b'SK',1.0,32,0.0,0.0,0.04235672950744629,0.0,0.0,0.0,0.0
1550348691.6656582,b'br',b'SK',1.0,32,0.0,0.0,0.042067766189575195,0.0,0.0,0.0,0.0
1550348691.6888123,b'fl',b'SK',359.0,32,0.0,0.0,0.03882193565368652,0.0,0.0,0.0,0.0
1550348691.69528,b'fr',b'FO',7.0,32,27.910435828748025,-27.910435828748025,0.03717494010925293,0.0,-25.777329683303833,107.59936635390545,-7.0
1550348691.700623,b'bl',b'SK',1.0,32,0.0,0.0,0.03770589828491211,0.0,0.0,0.0,0.0
1550348691.707153,b'br',b'SK',1.0,32,0.0,0.0,0.04142475128173828,0.0,0.0,0.0,0.0
1550348691.731498,b'fl',b'SK',359.0,32,0.0,0.0,0.04262971878051758,0.0,0.0,0.0,0.0
1550348691.737001,b'fr',b'FO',5.0,32,26.209597059386173,-26.209597059386173,0.0416417121887207,0.0,-25.985538244247437,48.028764786039005,-5.0
1550348691.7401237,b'bl',b'SK',1.0,32,0.0,0.0,0.039496660232543945,0.0,0.0,0.0,0.0
1550348691.7450957,b'br',b'SK',1.0,32,0.0,0.0,0.037570953369140625,0.0,0.0,0.0,0.0
1550348691.7655816,b'fl',b'SK',359.0,32,0.0,0.0,0.03413867950439453,0.0,0.0,0.0,0.0
1550348691.7679968,b'fr',b'FO',5.0,32,29.182939338684136,-29.182939338684136,0.03053879737854004,0.0,-26.138232231140137,0.0,-5.0
1550348691.7728786,b'bl',b'SK',1.0,32,0.0,0.0,0.03262591361999512,0.0,0.0,0.0,0.0
1550348691.7771766,b'br',b'SK',1.0,32,0.0,0.0,0.03206372261047363,0.0,0.0,0.0,0.0
1550348691.7987716,b'fl',b'SK',359.0,32,0.0,0.0,0.0326387882232666,0.0,0.0,0.0,0.0
1550348691.8090816,b'fr',b'FO',5.0,32,29.30756192207342,-29.30756192207342,0.04154086112976074,0.0,-26.34593653678894,0.0,-5.0
1550348691.8132365,b'bl',b'SK',1.0,32,0.0,0.0,0.040106773376464844,0.0,0.0,0.0,0.0
1550348691.8167055,b'br',b'SK',1.0,32,0.0,0.0,0.03997468948364258,0.0,0.0,0.0,0.0
1550348691.8455603,b'fl',b'SK',359.0,32,0.0,0.0,0.04717588424682617,0.0,0.0,0.0,0.0
1550348691.8496072,b'fr',b'FO',5.0,32,29.42938213348394,-29.42938213348394,0.04060673713684082,0.0,-26.548970222473145,0.0,-5.0
1550348691.8522992,b'bl',b'SK',1.0,32,0.0,0.0,0.03936767578125,0.0,0.0,0.0,0.0
1550348691.8616002,b'br',b'SK',1.0,32,0.0,0.0,0.044824838638305664,0.0,0.0,0.0,0.0
1550348691.887178,b'fl',b'SK',359.0,32,0.0,0.0,0.04179263114929199,0.0,0.0,0.0,0.0
1550348691.892258,b'fr',b'FO',4.0,32,25.424933612559073,-25.424933612559073,0.04264974594116211,0.0,-26.719569206237793,23.446798519727647,-4.0
1550348691.898784,b'bl',b'SK',1.0,32,0.0,0.0,0.046484947204589844,0.0,0.0,0.0,0.0
1550348691.903857,b'br',b'SK',1.0,32,0.0,0.0,0.04233384132385254,0.0,0.0,0.0,0.0
1550348691.9299288,b'fl',b'SK',359.0,32,0.0,0.0,0.04265785217285156,0.0,0.0,0.0,0.0
1550348691.9337718,b'fr',b'FO',4.0,32,26.931055641174368,-26.931055641174368,0.041380882263183594,0.0,-26.885092735290527,0.0,-4.0
1550348691.9361117,b'bl',b'SK',1.0,32,0.0,0.0,0.03718066215515137,0.0,0.0,0.0,0.0
1550348691.9404147,b'br',b'SK',1.0,32,0.0,0.0,0.03655385971069336,0.0,0.0,0.0,0.0
1550348691.9593406,b'fl',b'SK',359.0,32,0.0,0.0,0.029323816299438477,0.0,0.0,0.0,0.0
1550348691.9647205,b'fr',b'FO',4.0,32,27.005656814575246,-27.005656814575246,0.03108382225036621,0.0,-27.009428024291992,0.0,-4.0
1550348691.9752595,b'bl',b'SK',1.0,32,0.0,0.0,0.0392918586730957,0.0,0.0,0.0,0.0
1550348691.9803946,b'br',b'SK',1.0,32,0.0,0.0,0.039499759674072266,0.0,0.0,0.0,0.0
1550348692.0009184,b'fl',b'SK',359.0,32,0.0,0.0,0.04139971733093262,0.0,0.0,0.0,0.0
1550348692.0126324,b'fr',b'FO',4.0,32,27.120649337768608,-27.120649337768608,0.047913551330566406,0.0,-27.201082229614258,0.0,-4.0
1550348692.0172422,b'bl',b'SK',1.0,32,0.0,0.0,0.0416257381439209,0.0,0.0,0.0,0.0
1550348692.0202053,b'br',b'SK',1.0,32,0.0,0.0,0.04022860527038574,0.0,0.0,0.0,0.0
1550348692.0422611,b'fl',b'SK',359.0,32,0.0,0.0,0.041626930236816406,0.0,0.0,0.0,0.0
1550348692.0537012,b'fr',b'FO',4.0,32,27.218998718261773,-27.218998718261773,0.04097890853881836,0.0,-27.36499786376953,0.0,-4.0
1550348692.058763,b'bl',b'SK',1.0,32,0.0,0.0,0.04195284843444824,0.0,0.0,0.0,0.0
1550348692.061477,b'br',b'SK',1.0,32,0.0,0.0,0.04134178161621094,0.0,0.0,0.0,0.0
1550348692.0810819,b'fl',b'SK',359.0,32,0.0,0.0,0.038811683654785156,0.0,0.0,0.0,0.0
1550348692.0953138,b'fr',b'FO',4.0,32,27.318660163879446,-27.318660163879446,0.04152560234069824,0.0,-27.531100273132324,0.0,-4.0
1550348692.0970418,b'bl',b'SK',1.0,32,0.0,0.0,0.03829073905944824,0.0,0.0,0.0,0.0
1550348692.1013768,b'br',b'SK',1.0,32,0.0,0.0,0.03982973098754883,0.0,0.0,0.0,0.0
1550348692.1198037,b'fl',b'SK',359.0,32,0.0,0.0,0.03873586654663086,0.0,0.0,0.0,0.0
1550348692.1253936,b'fr',b'FO',4.0,32,27.391271781921443,-27.391271781921443,0.030254840850830078,0.0,-27.652119636535645,0.0,-4.0
1550348692.1283348,b'bl',b'SK',1.0,32,0.0,0.0,0.030988693237304688,0.0,0.0,0.0,0.0
1550348692.1341527,b'br',b'SK',1.0,32,0.0,0.0,0.03284788131713867,0.0,0.0,0.0,0.0
1550348692.1603844,b'fl',b'SK',359.0,32,0.0,0.0,0.0406496524810791,0.0,0.0,0.0,0.0
1550348692.1650984,b'fr',b'FO',4.0,32,27.486143302917537,-27.486143302917537,0.03952980041503906,0.0,-27.8102388381958,0.0,-4.0
1550348692.1687484,b'bl',b'SK',1.0,32,0.0,0.0,0.04070591926574707,0.0,0.0,0.0,0.0
1550348692.1729994,b'br',b'SK',1.0,32,0.0,0.0,0.03876376152038574,0.0,0.0,0.0,0.0
1550348692.1938903,b'fl',b'SK',359.0,32,0.0,0.0,0.03345489501953125,0.0,0.0,0.0,0.0
1550348692.2022102,b'fr',b'FO',4.0,32,27.5754444122315,-27.5754444122315,0.03720879554748535,0.0,-27.959074020385742,0.0,-4.0
1550348692.2083473,b'bl',b'SK',1.0,32,0.0,0.0,0.039119720458984375,0.0,0.0,0.0,0.0
1550348692.2140872,b'br',b'SK',1.0,32,0.0,0.0,0.04110288619995117,0.0,0.0,0.0,0.0
1550348692.2355251,b'fl',b'SK',359.0,32,0.0,0.0,0.04168367385864258,0.0,0.0,0.0,0.0
1550348692.243891,b'fr',b'FO',4.0,32,27.675665473938047,-27.675665473938047,0.04175877571105957,0.0,-28.12610912322998,0.0,-4.0
1550348692.247673,b'bl',b'SK',1.0,32,0.0,0.0,0.039270877838134766,0.0,0.0,0.0,0.0
1550348692.251118,b'br',b'SK',1.0,32,0.0,0.0,0.03700661659240723,0.0,0.0,0.0,0.0
1550348692.271726,b'fl',b'SK',359.0,32,0.0,0.0,0.036206960678100586,0.0,0.0,0.0,0.0
1550348692.275699,b'fr',b'FO',4.0,32,27.74777069091802,-27.74777069091802,0.030043840408325195,0.0,-28.24628448486328,0.0,-4.0
1550348692.278406,b'bl',b'SK',1.0,32,0.0,0.0,0.030843734741210938,0.0,0.0,0.0,0.0
1550348692.2829177,b'br',b'SK',1.0,32,0.0,0.0,0.031893014907836914,0.0,0.0,0.0,0.0
1550348692.3063526,b'fl',b'SK',359.0,32,0.0,0.0,0.0346226692199707,0.0,0.0,0.0,0.0
1550348692.3187897,b'fr',b'FO',4.0,32,27.85516319274908,-27.85516319274908,0.04474687576293945,0.0,-28.42527198791504,0.0,-4.0
1550348692.3231015,b'bl',b'SK',1.0,32,0.0,0.0,0.045053720474243164,0.0,0.0,0.0,0.0
1550348692.3309956,b'br',b'SK',1.0,32,0.0,0.0,0.04799771308898926,0.0,0.0,0.0,0.0
1550348692.3550575,b'fl',b'SK',359.0,32,0.0,0.0,0.04870486259460449,0.0,0.0,0.0,0.0
1550348692.3590913,b'fr',b'FO',4.0,32,27.951961898803766,-27.951961898803766,0.040332794189453125,0.0,-28.58660316467285,0.0,-4.0
1550348692.3663723,b'bl',b'SK',1.0,32,0.0,0.0,0.04323077201843262,0.0,0.0,0.0,0.0
1550348692.3729403,b'br',b'SK',1.0,32,0.0,0.0,0.0419316291809082,0.0,0.0,0.0,0.0
1550348692.3966203,b'fl',b'SK',359.0,32,0.0,0.0,0.04148674011230469,0.0,0.0,0.0,0.0
1550348692.4032972,b'fr',b'FO',4.0,32,28.05822086334234,-28.05822086334234,0.04427456855773926,0.0,-28.76370143890381,0.0,-4.0
1550348692.40906,b'bl',b'SK',1.0,32,0.0,0.0,0.04268074035644531,0.0,0.0,0.0,0.0
1550348692.414374,b'br',b'SK',1.0,32,0.0,0.0,0.041458845138549805,0.0,0.0,0.0,0.0
1550348692.434748,b'fl',b'SK',359.0,32,0.0,0.0,0.037636756896972656,0.0,0.0,0.0,0.0
1550348692.4383988,b'fr',b'FO',4.0,32,28.14025039672857,-28.14025039672857,0.034178972244262695,0.0,-28.90041732788086,0.0,-4.0
1550348692.4409919,b'bl',b'SK',1.0,32,0.0,0.0,0.031973838806152344,0.0,0.0,0.0,0.0
1550348692.444028,b'br',b'SK',1.0,32,0.0,0.0,0.029722929000854492,0.0,0.0,0.0,0.0
1550348692.4657507,b'fl',b'SK',359.0,32,0.0,0.0,0.031154870986938477,0.0,0.0,0.0,0.0
1550348692.4731266,b'fr',b'FO',4.0,32,28.225649070739802,-28.225649070739802,0.035582780838012695,0.0,-29.04274845123291,0.0,-4.0
1550348692.4842806,b'bl',b'SK',1.0,32,0.0,0.0,0.0432276725769043,0.0,0.0,0.0,0.0
1550348692.4878037,b'br',b'SK',1.0,32,0.0,0.0,0.043692588806152344,0.0,0.0,0.0,0.0
1550348692.5103106,b'fl',b'SK',359.0,32,0.0,0.0,0.044966697692871094,0.0,0.0,0.0,0.0
1550348692.5143085,b'fr',b'FO',4.0,32,28.323700332641657,-28.323700332641657,0.040854692459106445,0.0,-29.206167221069336,0.0,-4.0
1550348692.5238163,b'bl',b'SK',1.0,32,0.0,0.0,0.039560794830322266,0.0,0.0,0.0,0.0
1550348692.5279744,b'br',b'SK',1.0,32,0.0,0.0,0.04016685485839844,0.0,0.0,0.0,0.0
1550348692.5479913,b'fl',b'SK',359.0,32,0.0,0.0,0.03683280944824219,0.0,0.0,0.0,0.0
1550348692.5551913,b'fr',b'FO',4.0,32,28.421499824523984,-28.421499824523984,0.04074978828430176,0.0,-29.369166374206543,0.0,-4.0
1550348692.5603423,b'bl',b'SK',1.0,32,0.0,0.0,0.035797834396362305,0.0,0.0,0.0,0.0
1550348692.5649333,b'br',b'SK',1.0,32,0.0,0.0,0.037041664123535156,0.0,0.0,0.0,0.0
1550348692.5854652,b'fl',b'SK',359.0,32,0.0,0.0,0.03816080093383789,0.0,0.0,0.0,0.0
1550348692.598193,b'fr',b'FO',4.0,32,28.525800704956115,-28.525800704956115,0.04345870018005371,0.0,-29.543001174926758,0.0,-4.0
1550348692.602115,b'bl',b'SK',1.0,32,0.0,0.0,0.04219985008239746,0.0,0.0,0.0,0.0
1550348692.604814,b'br',b'SK',1.0,32,0.0,0.0,0.039859771728515625,0.0,0.0,0.0,0.0
1550348692.618615,b'fl',b'SK',359.0,32,0.0,0.0,0.03236579895019531,0.0,0.0,0.0,0.0
1550348692.626174,b'fr',b'FO',4.0,32,28.593144607544,-28.593144607544,0.028059959411621094,0.0,-29.655241012573242,0.0,-4.0
1550348692.630611,b'bl',b'SK',1.0,32,0.0,0.0,0.028902769088745117,0.0,0.0,0.0,0.0
1550348692.6338158,b'br',b'SK',1.0,32,0.0,0.0,0.029024839401245117,0.0,0.0,0.0,0.0
1550348692.6591477,b'fl',b'SK',359.0,32,0.0,0.0,0.04023170471191406,0.0,0.0,0.0,0.0
1550348692.6664855,b'fr',b'FO',4.0,32,28.68986148834234,-28.68986148834234,0.0402987003326416,0.0,-29.81643581390381,0.0,-4.0
1550348692.6713457,b'bl',b'SK',1.0,32,0.0,0.0,0.040277719497680664,0.0,0.0,0.0,0.0
1550348692.6745665,b'br',b'SK',1.0,32,0.0,0.0,0.04074978828430176,0.0,0.0,0.0,0.0
1550348692.6991706,b'fl',b'SK',359.0,32,0.0,0.0,0.040390729904174805,0.0,0.0,0.0,0.0
1550348692.7077365,b'fr',b'FO',4.0,32,28.788541603088433,-28.788541603088433,0.04111671447753906,0.0,-29.980902671813965,0.0,-4.0
1550348692.7128084,b'bl',b'SK',1.0,32,0.0,0.0,0.04075789451599121,0.0,0.0,0.0,0.0
1550348692.7173884,b'br',b'SK',1.0,32,0.0,0.0,0.04196476936340332,0.0,0.0,0.0,0.0
1550348692.7402723,b'fl',b'SK',359.0,32,0.0,0.0,0.04198169708251953,0.0,0.0,0.0,0.0
1550348692.7491663,b'fr',b'FO',4.0,32,28.887269783020077,-28.887269783020077,0.041136741638183594,0.0,-30.1454496383667,0.0,-4.0
1550348692.7528462,b'bl',b'SK',1.0,32,0.0,0.0,0.041205644607543945,0.0,0.0,0.0,0.0
1550348692.76143,b'br',b'SK',1.0,32,0.0,0.0,0.04478192329406738,0.0,0.0,0.0,0.0
1550348692.7812371,b'fl',b'SK',359.0,32,0.0,0.0,0.04089784622192383,0.0,0.0,0.0,0.0
1550348692.783591,b'fr',b'FO',4.0,32,28.9696998596192,-28.9696998596192,0.03434586524963379,0.0,-30.282833099365234,0.0,-4.0
1550348692.789303,b'bl',b'SK',1.0,32,0.0,0.0,0.03645586967468262,0.0,0.0,0.0,0.0
1550348692.794152,b'br',b'SK',1.0,32,0.0,0.0,0.03283882141113281,0.0,0.0,0.0,0.0
1550348692.8111339,b'fl',b'SK',359.0,32,0.0,0.0,0.02877497673034668,0.0,0.0,0.0,0.0
1550348692.817407,b'fr',b'FO',4.0,32,29.051918792724667,-29.051918792724667,0.03425788879394531,0.0,-30.419864654541016,0.0,-4.0
1550348692.8198187,b'bl',b'SK',1.0,32,0.0,0.0,0.030519723892211914,0.0,0.0,0.0,0.0
1550348692.8301437,b'br',b'SK',1.0,32,0.0,0.0,0.03599381446838379,0.0,0.0,0.0,0.0
1550348692.8481557,b'fl',b'SK',359.0,32,0.0,0.0,0.0381016731262207,0.0,0.0,0.0,0.0
1550348692.8521326,b'fr',b'FO',4.0,32,29.135406875610414,-29.135406875610414,0.03478670120239258,0.0,-30.559011459350586,0.0,-4.0
1550348692.8553915,b'bl',b'SK',1.0,32,0.0,0.0,0.03540682792663574,0.0,0.0,0.0,0.0
1550348692.8606286,b'br',b'SK',1.0,32,0.0,0.0,0.03040170669555664,0.0,0.0,0.0,0.0
1550348692.8801296,b'fl',b'SK',359.0,32,0.0,0.0,0.03202390670776367,0.0,0.0,0.0,0.0
1550348692.8887205,b'fr',b'FO',4.0,32,29.220985794067445,-29.220985794067445,0.03565788269042969,0.0,-30.701642990112305,0.0,-4.0
1550348692.8922863,b'bl',b'SK',1.0,32,0.0,0.0,0.036885976791381836,0.0,0.0,0.0,0.0
1550348692.8968234,b'br',b'SK',1.0,32,0.0,0.0,0.036278724670410156,0.0,0.0,0.0,0.0
1550348692.9191012,b'fl',b'SK',359.0,32,0.0,0.0,0.03802180290222168,0.0,0.0,0.0,0.0
1550348692.9264941,b'fr',b'FO',4.0,32,29.313802528381405,-29.313802528381405,0.03867363929748535,0.0,-30.856337547302246,0.0,-4.0
1550348692.931631,b'bl',b'SK',1.0,32,0.0,0.0,0.038701772689819336,0.0,0.0,0.0,0.0
1550348692.9387891,b'br',b'SK',1.0,32,0.0,0.0,0.0418248176574707,0.0,0.0,0.0,0.0
1550348692.957367,b'fl',b'SK',359.0,32,0.0,0.0,0.03921079635620117,0.0,0.0,0.0,0.0
1550348692.960997,b'fr',b'FO',4.0,32,29.396525573730525,-29.396525573730525,0.03446793556213379,0.0,-30.99420928955078,0.0,-4.0
1550348692.96294,b'bl',b'SK',1.0,32,0.0,0.0,0.03201580047607422,0.0,0.0,0.0,0.0
1550348692.96751,b'br',b'SK',1.0,32,0.0,0.0,0.028856754302978516,0.0,0.0,0.0,0.0
1550348692.9855938,b'fl',b'SK',359.0,32,0.0,0.0,0.028301715850830078,0.0,0.0,0.0,0.0
1550348692.9913127,b'fr',b'FO',3.0,32,24.777086528960236,-24.777086528960236,0.030392885208129883,0.0,-31.08538794517517,32.902437302415336,-3.0
1550348693.0019307,b'bl',b'SK',1.0,32,0.0,0.0,0.03908658027648926,0.0,0.0,0.0,0.0
1550348693.0048249,b'br',b'SK',1.0,32,0.0,0.0,0.03731393814086914,0.0,0.0,0.0,0.0
1550348693.0272396,b'fl',b'SK',359.0,32,0.0,0.0,0.04146981239318848,0.0,0.0,0.0,0.0
1550348693.0393176,b'fr',b'FO',3.0,32,26.837322664260917,-26.837322664260917,0.047827720642089844,0.0,-31.22887110710144,0.0,-3.0
1550348693.0446706,b'bl',b'SK',1.0,32,0.0,0.0,0.04267597198486328,0.0,0.0,0.0,0.0
1550348693.0512116,b'br',b'SK',1.0,32,0.0,0.0,0.046379804611206055,0.0,0.0,0.0,0.0
1550348693.0760803,b'fl',b'SK',359.0,32,0.0,0.0,0.04852581024169922,0.0,0.0,0.0,0.0
1550348693.0868764,b'fr',b'FO',3.0,32,26.923236179351864,-26.923236179351864,0.0477297306060791,0.0,-31.372060298919678,0.0,-3.0
1550348693.0919013,b'bl',b'SK',1.0,32,0.0,0.0,0.047185659408569336,0.0,0.0,0.0,0.0
1550348693.0945773,b'br',b'SK',1.0,32,0.0,0.0,0.04337477684020996,0.0,0.0,0.0,0.0
1550348693.119045,b'fl',b'SK',359.0,32,0.0,0.0,0.043445587158203125,0.0,0.0,0.0,0.0
1550348693.122594,b'fr',b'FO',3.0,32,26.986622571945247,-26.986622571945247,0.03521466255187988,0.0,-31.477704286575317,0.0,-3.0
1550348693.1249402,b'bl',b'SK',1.0,32,0.0,0.0,0.0330958366394043,0.0,0.0,0.0,0.0
1550348693.130743,b'br',b'SK',1.0,32,0.0,0.0,0.035373687744140625,0.0,0.0,0.0,0.0
1550348693.148691,b'fl',b'SK',359.0,32,0.0,0.0,0.029495954513549805,0.0,0.0,0.0,0.0
1550348693.155288,b'fr',b'FO',3.0,32,27.046391201019343,-27.046391201019343,0.03320479393005371,0.0,-31.57731866836548,0.0,-3.0
1550348693.1589339,b'bl',b'SK',1.0,32,0.0,0.0,0.03397870063781738,0.0,0.0,0.0,0.0
1550348693.1683838,b'br',b'SK',1.0,32,0.0,0.0,0.03788590431213379,0.0,0.0,0.0,0.0
1550348693.1927156,b'fl',b'SK',359.0,32,0.0,0.0,0.04375576972961426,0.0,0.0,0.0,0.0
1550348693.2037146,b'fr',b'FO',3.0,32,27.13356127738959,-27.13356127738959,0.04842782020568848,0.0,-31.722602128982544,0.0,-3.0
1550348693.2078176,b'bl',b'SK',1.0,32,0.0,0.0,0.04851388931274414,0.0,0.0,0.0,0.0
1550348693.2174375,b'br',b'SK',1.0,32,0.0,0.0,0.04959750175476074,0.0,0.0,0.0,0.0
1550348693.2443013,b'fl',b'SK',359.0,32,0.0,0.0,0.05200052261352539,0.0,0.0,0.0,0.0
1550348693.2481613,b'fr',b'FO',3.0,32,27.213345623016416,-27.213345623016416,0.044324636459350586,0.0,-31.855576038360596,0.0,-3.0
1550348693.2589383,b'bl',b'SK',1.0,32,0.0,0.0,0.05157351493835449,0.0,0.0,0.0,0.0
1550348693.2637024,b'br',b'SK',1.0,32,0.0,0.0,0.04614090919494629,0.0,0.0,0.0,0.0
1550348693.2886922,b'fl',b'SK',359.0,32,0.0,0.0,0.0438227653503418,0.0,0.0,0.0,0.0
1550348693.290723,b'fr',b'FO',3.0,32,27.290034484863337,-27.290034484863337,0.042604923248291016,0.0,-31.98339080810547,0.0,-3.0
1550348693.294769,b'bl',b'SK',1.0,32,0.0,0.0,0.03566288948059082,0.0,0.0,0.0,0.0
1550348693.2997,b'br',b'SK',1.0,32,0.0,0.0,0.03612375259399414,0.0,0.0,0.0,0.0
1550348693.319154,b'fl',b'SK',359.0,32,0.0,0.0,0.03087902069091797,0.0,0.0,0.0,0.0
1550348693.325064,b'fr',b'FO',3.0,32,27.351673364639343,-27.351673364639343,0.03424382209777832,0.0,-32.086122274398804,0.0,-3.0
1550348693.329835,b'bl',b'SK',1.0,32,0.0,0.0,0.03523683547973633,0.0,0.0,0.0,0.0
1550348693.3400059,b'br',b'SK',1.0,32,0.0,0.0,0.03906583786010742,0.0,0.0,0.0,0.0
1550348693.3590877,b'fl',b'SK',359.0,32,0.0,0.0,0.04000568389892578,0.0,0.0,0.0,0.0
1550348693.3649657,b'fr',b'FO',3.0,32,27.423823928833066,-27.423823928833066,0.04008364677429199,0.0,-32.20637321472168,0.0,-3.0
1550348693.3682456,b'bl',b'SK',1.0,32,0.0,0.0,0.03779268264770508,0.0,0.0,0.0,0.0
1550348693.3812957,b'br',b'SK',1.0,32,0.0,0.0,0.0419766902923584,0.0,0.0,0.0,0.0
1550348693.4023094,b'fl',b'SK',359.0,32,0.0,0.0,0.04330778121948242,0.0,0.0,0.0,0.0
1550348693.4150445,b'fr',b'FO',2.0,32,23.576773838557116,-23.576773838557116,0.049721717834472656,0.0,-32.305816650390625,20.11193586128853,-2.0
1550348693.4188454,b'bl',b'SK',1.0,32,0.0,0.0,0.051140785217285156,0.0,0.0,0.0,0.0
1550348693.4293444,b'br',b'SK',1.0,32,0.0,0.0,0.04860973358154297,0.0,0.0,0.0,0.0
1550348693.4553003,b'fl',b'SK',359.0,32,0.0,0.0,0.05291867256164551,0.0,0.0,0.0,0.0
1550348693.4593232,b'fr',b'FO',2.0,32,24.83654909133917,-24.83654909133917,0.04421591758728027,0.0,-32.394248485565186,0.0,-2.0
1550348693.4616413,b'bl',b'SK',1.0,32,0.0,0.0,0.04286670684814453,0.0,0.0,0.0,0.0
1550348693.4658852,b'br',b'SK',1.0,32,0.0,0.0,0.036522865295410156,0.0,0.0,0.0,0.0
1550348693.4865541,b'fl',b'SK',359.0,32,0.0,0.0,0.030405759811401367,0.0,0.0,0.0,0.0
1550348693.493778,b'fr',b'FO',2.0,32,24.878279972076474,-24.878279972076474,0.034775733947753906,0.0,-32.46379995346069,0.0,-2.0
1550348693.504574,b'bl',b'SK',1.0,32,0.0,0.0,0.04210782051086426,0.0,0.0,0.0,0.0
1550348693.507699,b'br',b'SK',1.0,32,0.0,0.0,0.04167675971984863,0.0,0.0,0.0,0.0
1550348693.5273957,b'fl',b'SK',359.0,32,0.0,0.0,0.04117584228515625,0.0,0.0,0.0,0.0
1550348693.5346227,b'fr',b'FO',2.0,32,24.925540351867735,-24.925540351867735,0.039383649826049805,0.0,-32.54256725311279,0.0,-2.0
1550348693.5441737,b'bl',b'SK',1.0,32,0.0,0.0,0.04035472869873047,0.0,0.0,0.0,0.0
1550348693.5486057,b'br',b'SK',1.0,32,0.0,0.0,0.041051626205444336,0.0,0.0,0.0,0.0
1550348693.5662136,b'fl',b'SK',359.0,32,0.0,0.0,0.039270877838134766,0.0,0.0,0.0,0.0
1550348693.5728445,b'fr',b'FO',2.0,32,24.973126316070616,-24.973126316070616,0.03965497016906738,0.0,-32.62187719345093,0.0,-2.0
1550348693.5842376,b'bl',b'SK',1.0,32,0.0,0.0,0.040051937103271484,0.0,0.0,0.0,0.0
1550348693.5881524,b'br',b'SK',1.0,32,0.0,0.0,0.03929877281188965,0.0,0.0,0.0,0.0
1550348693.6094275,b'fl',b'SK',359.0,32,0.0,0.0,0.04322361946105957,0.0,0.0,0.0,0.0
1550348693.6149843,b'fr',b'FO',2.0,32,25.02384281158453,-25.02384281158453,0.04226374626159668,0.0,-32.70640468597412,0.0,-2.0
1550348693.6183274,b'bl',b'SK',1.0,32,0.0,0.0,0.03402376174926758,0.0,0.0,0.0,0.0
1550348693.6307812,b'br',b'SK',1.0,32,0.0,0.0,0.042471885681152344,0.0,0.0,0.0,0.0
1550348693.6399922,b'fl',b'SK',359.0,32,0.0,0.0,0.03061985969543457,0.0,0.0,0.0,0.0
1550348693.6446881,b'fr',b'FO',2.0,32,25.05947885513311,-25.05947885513311,0.02969670295715332,0.0,-32.76579809188843,0.0,-2.0
1550348693.648884,b'bl',b'SK',1.0,32,0.0,0.0,0.030179738998413086,0.0,0.0,0.0,0.0
1550348693.6520002,b'br',b'SK',1.0,32,0.0,0.0,0.021623849868774414,0.0,0.0,0.0,0.0
1550348693.671782,b'fl',b'SK',359.0,32,0.0,0.0,0.03185391426086426,0.0,0.0,0.0,0.0
1550348693.683903,b'fr',b'FO',2.0,32,25.105533599853572,-25.105533599853572,0.03837895393371582,0.0,-32.84255599975586,0.0,-2.0
1550348693.688778,b'bl',b'SK',1.0,32,0.0,0.0,0.04029488563537598,0.0,0.0,0.0,0.0
1550348693.697635,b'br',b'SK',1.0,32,0.0,0.0,0.045636653900146484,0.0,0.0,0.0,0.0
1550348693.7252047,b'fl',b'SK',359.0,32,0.0,0.0,0.05249452590942383,0.0,0.0,0.0,0.0
1550348693.7297988,b'fr',b'FO',2.0,32,25.16160678863531,-25.16160678863531,0.046727657318115234,0.0,-32.93601131439209,0.0,-2.0
1550348693.7393446,b'bl',b'SK',1.0,32,0.0,0.0,0.050612688064575195,0.0,0.0,0.0,0.0
1550348693.7450116,b'br',b'SK',1.0,32,0.0,0.0,0.046205759048461914,0.0,0.0,0.0,0.0
1550348693.7654414,b'fl',b'SK',359.0,32,0.0,0.0,0.04117393493652344,0.0,0.0,0.0,0.0
1550348693.7755024,b'fr',b'FO',2.0,32,25.216304969787657,-25.216304969787657,0.045581817626953125,0.0,-33.027174949645996,0.0,-2.0
1550348693.7815535,b'bl',b'SK',1.0,32,0.0,0.0,0.042205810546875,0.0,0.0,0.0,0.0
1550348693.7877893,b'br',b'SK',1.0,32,0.0,0.0,0.04393887519836426,0.0,0.0,0.0,0.0
1550348693.8065162,b'fl',b'SK',359.0,32,0.0,0.0,0.04099869728088379,0.0,0.0,0.0,0.0
1550348693.8097003,b'fr',b'FO',2.0,32,25.255971908569393,-25.255971908569393,0.033055782318115234,0.0,-33.09328651428223,0.0,-2.0
1550348693.8127813,b'bl',b'SK',1.0,32,0.0,0.0,0.03130364418029785,0.0,0.0,0.0,0.0
1550348693.8170512,b'br',b'SK',1.0,32,0.0,0.0,0.02927374839782715,0.0,0.0,0.0,0.0
1550348693.834793,b'fl',b'SK',359.0,32,0.0,0.0,0.028350830078125,0.0,0.0,0.0,0.0
1550348693.8379252,b'fr',b'FO',2.0,32,25.290811157226624,-25.290811157226624,0.02903270721435547,0.0,-33.15135192871094,0.0,-2.0
1550348693.845443,b'bl',b'SK',1.0,32,0.0,0.0,0.03177380561828613,0.0,0.0,0.0,0.0
1550348693.854646,b'br',b'SK',1.0,32,0.0,0.0,0.037514686584472656,0.0,0.0,0.0,0.0
1550348693.8720808,b'fl',b'SK',359.0,32,0.0,0.0,0.03722381591796875,0.0,0.0,0.0,0.0
1550348693.8770278,b'fr',b'FO',2.0,32,25.338291263580384,-25.338291263580384,0.039566755294799805,0.0,-33.23048543930054,0.0,-2.0
1550348693.8796709,b'bl',b'SK',1.0,32,0.0,0.0,0.03504681587219238,0.0,0.0,0.0,0.0
1550348693.8845608,b'br',b'SK',1.0,32,0.0,0.0,0.029994964599609375,0.0,0.0,0.0,0.0
1550348693.9128547,b'fl',b'SK',359.0,32,0.0,0.0,0.04084372520446777,0.0,0.0,0.0,0.0
1550348693.9154847,b'fr',b'FO',2.0,32,25.384444427490294,-25.384444427490294,0.03846096992492676,0.0,-33.30740737915039,0.0,-2.0
1550348693.9200456,b'bl',b'SK',1.0,32,0.0,0.0,0.04037594795227051,0.0,0.0,0.0,0.0
1550348693.9249825,b'br',b'SK',1.0,32,0.0,0.0,0.04042673110961914,0.0,0.0,0.0,0.0
1550348693.9493194,b'fl',b'SK',359.0,32,0.0,0.0,0.03646492958068848,0.0,0.0,0.0,0.0
1550348693.9540815,b'fr',b'FO',2.0,32,25.43058271408087,-25.43058271408087,0.03844857215881348,0.0,-33.38430452346802,0.0,-2.0
1550348693.9576273,b'bl',b'SK',1.0,32,0.0,0.0,0.037494659423828125,0.0,0.0,0.0,0.0
1550348693.9613483,b'br',b'SK',1.0,32,0.0,0.0,0.03635978698730469,0.0,0.0,0.0,0.0
1550348693.9862673,b'fl',b'SK',359.0,32,0.0,0.0,0.03686857223510742,0.0,0.0,0.0,0.0
1550348693.9883413,b'fr',b'FO',2.0,32,25.47159147262579,-25.47159147262579,0.03417396545410156,0.0,-33.45265245437622,0.0,-2.0
1550348693.9918401,b'bl',b'SK',1.0,32,0.0,0.0,0.03424477577209473,0.0,0.0,0.0,0.0
1550348693.997003,b'br',b'SK',1.0,32,0.0,0.0,0.03454780578613281,0.0,0.0,0.0,0.0
1550348694.015198,b'fl',b'SK',359.0,32,0.0,0.0,0.02883005142211914,0.0,0.0,0.0,0.0
1550348694.021605,b'fr',b'FO',2.0,32,25.5117839813233,-25.5117839813233,0.033493757247924805,0.0,-33.51963996887207,0.0,-2.0
1550348694.033483,b'bl',b'SK',1.0,32,0.0,0.0,0.04164481163024902,0.0,0.0,0.0,0.0
1550348694.036895,b'br',b'SK',1.0,32,0.0,0.0,0.04099774360656738,0.0,0.0,0.0,0.0
1550348694.0561068,b'fl',b'SK',359.0,32,0.0,0.0,0.04099273681640625,0.0,0.0,0.0,0.0
1550348694.0622418,b'fr',b'FO',2.0,32,25.560552978515684,-25.560552978515684,0.040640830993652344,0.0,-33.600921630859375,0.0,-2.0
1550348694.0738037,b'bl',b'SK',1.0,32,0.0,0.0,0.040445804595947266,0.0,0.0,0.0,0.0
1550348694.0775666,b'br',b'SK',1.0,32,0.0,0.0,0.04024982452392578,0.0,0.0,0.0,0.0
1550348694.0963337,b'fl',b'SK',359.0,32,0.0,0.0,0.04017758369445801,0.0,0.0,0.0,0.0
1550348694.1029935,b'fr',b'FO',2.0,32,25.608368968963685,-25.608368968963685,0.03984665870666504,0.0,-33.680614948272705,0.0,-2.0
1550348694.1133804,b'bl',b'SK',1.0,32,0.0,0.0,0.03870677947998047,0.0,0.0,0.0,0.0
1550348694.1174576,b'br',b'SK',1.0,32,0.0,0.0,0.04024171829223633,0.0,0.0,0.0,0.0
1550348694.1531243,b'fl',b'SK',359.0,32,0.0,0.0,0.0568087100982666,0.0,0.0,0.0,0.0
1550348694.1551223,b'fr',b'FO',2.0,32,25.671899127960263,-25.671899127960263,0.05294179916381836,0.0,-33.78649854660034,0.0,-2.0
1550348694.1586633,b'bl',b'SK',1.0,32,0.0,0.0,0.04615378379821777,0.0,0.0,0.0,0.0
1550348694.1624353,b'br',b'SK',1.0,32,0.0,0.0,0.0449678897857666,0.0,0.0,0.0,0.0
1550348694.182742,b'fl',b'SK',359.0,32,0.0,0.0,0.029668807983398438,0.0,0.0,0.0,0.0
1550348694.1870492,b'fr',b'FO',2.0,32,25.710215950012266,-25.710215950012266,0.03193068504333496,0.0,-33.85035991668701,0.0,-2.0
1550348694.1894722,b'bl',b'SK',1.0,32,0.0,0.0,0.03080272674560547,0.0,0.0,0.0,0.0
1550348694.195089,b'br',b'SK',1.0,32,0.0,0.0,0.03266572952270508,0.0,0.0,0.0,0.0
1550348694.216373,b'fl',b'SK',359.0,32,0.0,0.0,0.03320193290710449,0.0,0.0,0.0,0.0
1550348694.223343,b'fr',b'FO',2.0,32,25.753869438171446,-25.753869438171446,0.036377906799316406,0.0,-33.923115730285645,0.0,-2.0
1550348694.230588,b'bl',b'SK',1.0,32,0.0,0.0,0.04098987579345703,0.0,0.0,0.0,0.0
1550348694.2362537,b'br',b'SK',1.0,32,0.0,0.0,0.041162729263305664,0.0,0.0,0.0,0.0
1550348694.2704556,b'fl',b'SK',359.0,32,0.0,0.0,0.05450558662414551,0.0,0.0,0.0,0.0
1550348694.2818525,b'fr',b'FO',2.0,32,25.823624897003235,-25.823624897003235,0.05812954902648926,0.0,-34.03937482833862,0.0,-2.0
1550348694.2847667,b'bl',b'SK',1.0,32,0.0,0.0,0.05430865287780762,0.0,0.0,0.0,0.0
1550348694.2943575,b'br',b'SK',1.0,32,0.0,0.0,0.05809473991394043,0.0,0.0,0.0,0.0
1550348694.3082035,b'fl',b'SK',359.0,32,0.0,0.0,0.037686824798583984,0.0,0.0,0.0,0.0
1550348694.3227863,b'fr',b'FO',2.0,32,25.872098636627257,-25.872098636627257,0.04039478302001953,0.0,-34.12016439437866,0.0,-2.0
1550348694.3259172,b'bl',b'SK',1.0,32,0.0,0.0,0.04103374481201172,0.0,0.0,0.0,0.0
1550348694.3287394,b'br',b'SK',1.0,32,0.0,0.0,0.03370189666748047,0.0,0.0,0.0,0.0
1550348694.3494532,b'fl',b'SK',359.0,32,0.0,0.0,0.041255950927734375,0.0,0.0,0.0,0.0
1550348694.3555613,b'fr',b'FO',2.0,32,25.91252546310431,-25.91252546310431,0.033689022064208984,0.0,-34.18754243850708,0.0,-2.0
1550348694.367187,b'bl',b'SK',1.0,32,0.0,0.0,0.041301727294921875,0.0,0.0,0.0,0.0
1550348694.3795161,b'br',b'SK',1.0,32,0.0,0.0,0.051538705825805664,0.0,0.0,0.0,0.0
1550348694.395213,b'fl',b'SK',359.0,32,0.0,0.0,0.045502662658691406,0.0,0.0,0.0,0.0
1550348694.405437,b'fr',b'FO',2.0,32,25.97168970108038,-25.97168970108038,0.049303531646728516,0.0,-34.28614950180054,0.0,-2.0
1550348694.409694,b'bl',b'SK',1.0,32,0.0,0.0,0.04259371757507324,0.0,0.0,0.0,0.0
1550348694.4193358,b'br',b'SK',1.0,32,0.0,0.0,0.039824724197387695,0.0,0.0,0.0,0.0
1550348694.4332888,b'fl',b'SK',359.0,32,0.0,0.0,0.038388729095458984,0.0,0.0,0.0,0.0
1550348694.4445627,b'fr',b'FO',2.0,32,26.019329452514707,-26.019329452514707,0.03969979286193848,0.0,-34.365549087524414,0.0,-2.0
1550348694.4494066,b'bl',b'SK',1.0,32,0.0,0.0,0.039305925369262695,0.0,0.0,0.0,0.0
1550348694.4526706,b'br',b'SK',1.0,32,0.0,0.0,0.0329127311706543,0.0,0.0,0.0,0.0
1550348694.4746034,b'fl',b'SK',359.0,32,0.0,0.0,0.04138374328613281,0.0,0.0,0.0,0.0
1550348694.4853244,b'fr',b'FO',2.0,32,26.06815137863165,-26.06815137863165,0.04068493843078613,0.0,-34.446918964385986,0.0,-2.0
1550348694.4871135,b'bl',b'SK',1.0,32,0.0,0.0,0.038071632385253906,0.0,0.0,0.0,0.0
1550348694.4913435,b'br',b'SK',1.0,32,0.0,0.0,0.03908586502075195,0.0,0.0,0.0,0.0
1550348694.5032754,b'fl',b'SK',359.0,32,0.0,0.0,0.028545856475830078,0.0,0.0,0.0,0.0
1550348694.5098512,b'fr',b'FO',2.0,32,26.0975918769837,-26.0975918769837,0.024533748626708984,0.0,-34.495986461639404,0.0,-2.0
1550348694.5165343,b'bl',b'SK',1.0,32,0.0,0.0,0.029301881790161133,0.0,0.0,0.0,0.0
1550348694.5218742,b'br',b'SK',1.0,32,0.0,0.0,0.03044581413269043,0.0,0.0,0.0,0.0
1550348694.54834,b'fl',b'SK',359.0,32,0.0,0.0,0.044600725173950195,0.0,0.0,0.0,0.0
1550348694.556696,b'fr',b'FO',2.0,32,26.153791236877503,-26.153791236877503,0.04683279991149902,0.0,-34.5896520614624,0.0,-2.0
1550348694.5683,b'bl',b'SK',1.0,32,0.0,0.0,0.051840782165527344,0.0,0.0,0.0,0.0
1550348694.571037,b'br',b'SK',1.0,32,0.0,0.0,0.04917478561401367,0.0,0.0,0.0,0.0
1550348694.5940828,b'fl',b'SK',359.0,32,0.0,0.0,0.046338796615600586,0.0,0.0,0.0,0.0
1550348694.6055727,b'fr',b'FO',2.0,32,26.212428760528624,-26.212428760528624,0.04886460304260254,0.0,-34.68738126754761,0.0,-2.0
1550348694.6109087,b'bl',b'SK',1.0,32,0.0,0.0,0.04223275184631348,0.0,0.0,0.0,0.0
1550348694.6140468,b'br',b'SK',1.0,32,0.0,0.0,0.04296565055847168,0.0,0.0,0.0,0.0
1550348694.6324947,b'fl',b'SK',359.0,32,0.0,0.0,0.03840780258178711,0.0,0.0,0.0,0.0
1550348694.6373565,b'fr',b'FO',2.0,32,26.250480651855533,-26.250480651855533,0.031709909439086914,0.0,-34.75080108642578,0.0,-2.0
1550348694.6504316,b'bl',b'SK',1.0,32,0.0,0.0,0.039914846420288086,0.0,0.0,0.0,0.0
1550348694.6547575,b'br',b'SK',1.0,32,0.0,0.0,0.040657758712768555,0.0,0.0,0.0,0.0
1550348694.6674404,b'fl',b'SK',359.0,32,0.0,0.0,0.03494381904602051,0.0,0.0,0.0,0.0
1550348694.6747575,b'fr',b'FO',2.0,32,26.295556068420474,-26.295556068420474,0.03756284713745117,0.0,-34.825926780700684,0.0,-2.0
1550348694.6806054,b'bl',b'SK',1.0,32,0.0,0.0,0.030127763748168945,0.0,0.0,0.0,0.0
1550348694.6879563,b'br',b'SK',1.0,32,0.0,0.0,0.03336477279663086,0.0,0.0,0.0,0.0
1550348694.7145243,b'fl',b'SK',359.0,32,0.0,0.0,0.04709267616271973,0.0,0.0,0.0,0.0
1550348694.720828,b'fr',b'FO',2.0,32,26.35084934234625,-26.35084934234625,0.046077728271484375,0.0,-34.91808223724365,0.0,-2.0
1550348694.7258482,b'bl',b'SK',1.0,32,0.0,0.0,0.04528379440307617,0.0,0.0,0.0,0.0
1550348694.730835,b'br',b'SK',1.0,32,0.0,0.0,0.04169487953186035,0.0,0.0,0.0,0.0
1550348694.75403,b'fl',b'SK',359.0,32,0.0,0.0,0.03950071334838867,0.0,0.0,0.0,0.0
1550348694.75945,b'fr',b'FO',2.0,32,26.3961779594422,-26.3961779594422,0.037773847579956055,0.0,-34.993629932403564,0.0,-2.0
1550348694.7668908,b'bl',b'SK',1.0,32,0.0,0.0,0.04058980941772461,0.0,0.0,0.0,0.0
1550348694.7705379,b'br',b'SK',1.0,32,0.0,0.0,0.040758609771728516,0.0,0.0,0.0,0.0
1550348694.7898047,b'fl',b'SK',359.0,32,0.0,0.0,0.03577280044555664,0.0,0.0,0.0,0.0
1550348694.7929418,b'fr',b'FO',2.0,32,26.43724393844611,-26.43724393844611,0.034221649169921875,0.0,-35.06207323074341,0.0,-2.0
1550348694.7993307,b'bl',b'SK',1.0,32,0.0,0.0,0.03288769721984863,0.0,0.0,0.0,0.0
1550348694.8123946,b'br',b'SK',1.0,32,0.0,0.0,0.04199099540710449,0.0,0.0,0.0,0.0
1550348694.8218136,b'fl',b'SK',359.0,32,0.0,0.0,0.03200793266296387,0.0,0.0,0.0,0.0
1550348694.8247075,b'fr',b'FO',2.0,32,26.47550697326666,-26.47550697326666,0.03188586235046387,0.0,-35.125844955444336,0.0,-2.0
1550348694.8304405,b'bl',b'SK',1.0,32,0.0,0.0,0.03118276596069336,0.0,0.0,0.0,0.0
1550348694.8404765,b'br',b'SK',1.0,32,0.0,0.0,0.027913808822631836,0.0,0.0,0.0,0.0
1550348694.8690612,b'fl',b'SK',359.0,32,0.0,0.0,0.04680776596069336,0.0,0.0,0.0,0.0
1550348694.8766932,b'fr',b'FO',2.0,32,26.537735080719056,-26.537735080719056,0.05185675621032715,0.0,-35.22955846786499,0.0,-2.0
1550348694.8808222,b'bl',b'SK',1.0,32,0.0,0.0,0.0503697395324707,0.0,0.0,0.0,0.0
1550348694.8848903,b'br',b'SK',1.0,32,0.0,0.0,0.044495582580566406,0.0,0.0,0.0,0.0
1550348694.910083,b'fl',b'SK',359.0,32,0.0,0.0,0.04131364822387695,0.0,0.0,0.0,0.0
1550348694.917733,b'fr',b'FO',2.0,32,26.58701162338263,-26.58701162338263,0.041063785552978516,0.0,-35.31168603897095,0.0,-2.0
1550348694.923419,b'bl',b'SK',1.0,32,0.0,0.0,0.042618751525878906,0.0,0.0,0.0,0.0
1550348694.929744,b'br',b'SK',1.0,32,0.0,0.0,0.04482293128967285,0.0,0.0,0.0,0.0
1550348694.9545817,b'fl',b'SK',359.0,32,0.0,0.0,0.0441129207611084,0.0,0.0,0.0,0.0
1550348694.9595797,b'fr',b'FO',2.0,32,26.637250328064024,-26.637250328064024,0.04186558723449707,0.0,-35.39541721343994,0.0,-2.0
1550348694.9654577,b'bl',b'SK',1.0,32,0.0,0.0,0.041957855224609375,0.0,0.0,0.0,0.0
1550348694.9691927,b'br',b'SK',1.0,32,0.0,0.0,0.03956770896911621,0.0,0.0,0.0,0.0
1550348694.9876227,b'fl',b'SK',359.0,32,0.0,0.0,0.03351569175720215,0.0,0.0,0.0,0.0
1550348694.9905527,b'fr',b'FO',2.0,32,26.673349857330386,-26.673349857330386,0.03008294105529785,0.0,-35.45558309555054,0.0,-2.0
1550348694.9954736,b'bl',b'SK',1.0,32,0.0,0.0,0.030095815658569336,0.0,0.0,0.0,0.0
1550348695.0061285,b'br',b'SK',1.0,32,0.0,0.0,0.03677868843078613,0.0,0.0,0.0,0.0
1550348695.0232804,b'fl',b'SK',359.0,32,0.0,0.0,0.03571772575378418,0.0,0.0,0.0,0.0
1550348695.0289264,b'fr',b'FO',2.0,32,26.720467472076475,-26.720467472076475,0.039264678955078125,0.0,-35.53411245346069,0.0,-2.0
1550348695.0326173,b'bl',b'SK',1.0,32,0.0,0.0,0.03626585006713867,0.0,0.0,0.0,0.0
1550348695.0414293,b'br',b'SK',1.0,32,0.0,0.0,0.0353999137878418,0.0,0.0,0.0,0.0
1550348695.0649593,b'fl',b'SK',359.0,32,0.0,0.0,0.041681766510009766,0.0,0.0,0.0,0.0
1550348695.069323,b'fr',b'FO',2.0,32,26.767975330352847,-26.767975330352847,0.039589881896972656,0.0,-35.61329221725464,0.0,-2.0
1550348695.077918,b'bl',b'SK',1.0,32,0.0,0.0,0.0461735725402832,0.0,0.0,0.0,0.0
1550348695.083614,b'br',b'SK',1.0,32,0.0,0.0,0.04172468185424805,0.0,0.0,0.0,0.0
1550348695.106006,b'fl',b'SK',359.0,32,0.0,0.0,0.0409238338470459,0.0,0.0,0.0,0.0
1550348695.1161199,b'fr',b'FO',2.0,32,26.82508192062384,-26.82508192062384,0.04758882522583008,0.0,-35.7084698677063,0.0,-2.0
1550348695.121415,b'bl',b'SK',1.0,32,0.0,0.0,0.0430757999420166,0.0,0.0,0.0,0.0
1550348695.124518,b'br',b'SK',1.0,32,0.0,0.0,0.04141879081726074,0.0,0.0,0.0,0.0
1550348695.1473026,b'fl',b'SK',359.0,32,0.0,0.0,0.040976762771606445,0.0,0.0,0.0,0.0
1550348695.1498258,b'fr',b'FO',2.0,32,26.865651226043763,-26.865651226043763,0.03380775451660156,0.0,-35.7760853767395,0.0,-2.0
1550348695.1528406,b'bl',b'SK',1.0,32,0.0,0.0,0.0314478874206543,0.0,0.0,0.0,0.0
1550348695.1574476,b'br',b'SK',1.0,32,0.0,0.0,0.0317997932434082,0.0,0.0,0.0,0.0
1550348695.1811886,b'fl',b'SK',359.0,32,0.0,0.0,0.03432583808898926,0.0,0.0,0.0,0.0
1550348695.1917014,b'fr',b'FO',2.0,32,26.91482334136969,-26.91482334136969,0.040976762771606445,0.0,-35.858038902282715,0.0,-2.0
1550348695.1951094,b'bl',b'SK',1.0,32,0.0,0.0,0.04251384735107422,0.0,0.0,0.0,0.0
1550348695.2041893,b'br',b'SK',1.0,32,0.0,0.0,0.04772472381591797,0.0,0.0,0.0,0.0
1550348695.2320492,b'fl',b'SK',359.0,32,0.0,0.0,0.05035972595214844,0.0,0.0,0.0,0.0
1550348695.2404053,b'fr',b'FO',2.0,32,26.9743406295777,-26.9743406295777,0.049597740173339844,0.0,-35.957234382629395,0.0,-2.0
1550348695.2445762,b'bl',b'SK',1.0,32,0.0,0.0,0.04961872100830078,0.0,0.0,0.0,0.0
1550348695.2488892,b'br',b'SK',1.0,32,0.0,0.0,0.044731855392456055,0.0,0.0,0.0,0.0
1550348695.277876,b'fl',b'SK',359.0,32,0.0,0.0,0.04633164405822754,0.0,0.0,0.0,0.0
1550348695.283275,b'fr',b'FO',2.0,32,27.02511720657355,-27.02511720657355,0.04231381416320801,0.0,-36.04186201095581,0.0,-2.0
1550348695.286378,b'bl',b'SK',1.0,32,0.0,0.0,0.04180479049682617,0.0,0.0,0.0,0.0
1550348695.2904508,b'br',b'SK',1.0,32,0.0,0.0,0.04168081283569336,0.0,0.0,0.0,0.0
1550348695.3120947,b'fl',b'SK',359.0,32,0.0,0.0,0.03421783447265625,0.0,0.0,0.0,0.0
1550348695.3148978,b'fr',b'FO',2.0,32,27.063743591308658,-27.063743591308658,0.03218865394592285,0.0,-36.106239318847656,0.0,-2.0
1550348695.3175187,b'bl',b'SK',1.0,32,0.0,0.0,0.030628681182861328,0.0,0.0,0.0,0.0
1550348695.3202467,b'br',b'SK',1.0,32,0.0,0.0,0.02929377555847168,0.0,0.0,0.0,0.0
1550348695.3396037,b'fl',b'SK',359.0,32,0.0,0.0,0.027078866958618164,0.0,0.0,0.0,0.0
1550348695.3444755,b'fr',b'FO',2.0,32,27.099228572845526,-27.099228572845526,0.029570817947387695,0.0,-36.16538095474243,0.0,-2.0
1550348695.3499405,b'bl',b'SK',1.0,32,0.0,0.0,0.032942771911621094,0.0,0.0,0.0,0.0
1550348695.3597414,b'br',b'SK',1.0,32,0.0,0.0,0.039995670318603516,0.0,0.0,0.0,0.0
1550348695.3792074,b'fl',b'SK',359.0,32,0.0,0.0,0.04002881050109863,0.0,0.0,0.0,0.0
1550348695.3850415,b'fr',b'FO',2.0,32,27.1478176116944,-27.1478176116944,0.04049086570739746,0.0,-36.24636268615723,0.0,-2.0
1550348695.3894634,b'bl',b'SK',1.0,32,0.0,0.0,0.039433956146240234,0.0,0.0,0.0,0.0
1550348695.3989294,b'br',b'SK',1.0,32,0.0,0.0,0.039183855056762695,0.0,0.0,0.0,0.0
1550348695.4181902,b'fl',b'SK',359.0,32,0.0,0.0,0.03869771957397461,0.0,0.0,0.0,0.0
1550348695.4244862,b'fr',b'FO',2.0,32,27.195130920410218,-27.195130920410218,0.039427757263183594,0.0,-36.325218200683594,0.0,-2.0
1550348695.435583,b'bl',b'SK',1.0,32,0.0,0.0,0.04613065719604492,0.0,0.0,0.0,0.0
1550348695.439801,b'br',b'SK',1.0,32,0.0,0.0,0.04004478454589844,0.0,0.0,0.0,0.0
1550348695.460758,b'fl',b'SK',359.0,32,0.0,0.0,0.04286074638366699,0.0,0.0,0.0,0.0
1550348695.474743,b'fr',b'FO',2.0,32,27.254421329498353,-27.254421329498353,0.049408674240112305,0.0,-36.42403554916382,0.0,-2.0
1550348695.4786038,b'bl',b'SK',1.0,32,0.0,0.0,0.04265880584716797,0.0,0.0,0.0,0.0
1550348695.481886,b'br',b'SK',1.0,32,0.0,0.0,0.042035818099975586,0.0,0.0,0.0,0.0
1550348695.5019207,b'fl',b'SK',359.0,32,0.0,0.0,0.04100489616394043,0.0,0.0,0.0,0.0
1550348695.5062368,b'fr',b'FO',2.0,32,27.29276847839362,-27.29276847839362,0.03195595741271973,0.0,-36.48794746398926,0.0,-2.0
1550348695.5210695,b'bl',b'SK',1.0,32,0.0,0.0,0.04288959503173828,0.0,0.0,0.0,0.0
1550348695.5260196,b'br',b'SK',1.0,32,0.0,0.0,0.045012712478637695,0.0,0.0,0.0,0.0
1550348695.5455625,b'fl',b'SK',359.0,32,0.0,0.0,0.043320655822753906,0.0,0.0,0.0,0.0
1550348695.5529535,b'fr',b'FO',2.0,32,27.347902107238834,-27.347902107238834,0.0459446907043457,0.0,-36.57983684539795,0.0,-2.0
1550348695.5637765,b'bl',b'SK',1.0,32,0.0,0.0,0.042627811431884766,0.0,0.0,0.0,0.0
1550348695.5683074,b'br',b'SK',1.0,32,0.0,0.0,0.04228067398071289,0.0,0.0,0.0,0.0
1550348695.5895512,b'fl',b'SK',359.0,32,0.0,0.0,0.04446578025817871,0.0,0.0,0.0,0.0
1550348695.6003902,b'fr',b'FO',2.0,32,27.40633220672614,-27.40633220672614,0.048691749572753906,0.0,-36.67722034454346,0.0,-2.0
1550348695.6036782,b'bl',b'SK',1.0,32,0.0,0.0,0.03998970985412598,0.0,0.0,0.0,0.0
1550348695.6140392,b'br',b'SK',1.0,32,0.0,0.0,0.045735836029052734,0.0,0.0,0.0,0.0
1550348695.630718,b'fl',b'SK',359.0,32,0.0,0.0,0.04026389122009277,0.0,0.0,0.0,0.0
1550348695.644003,b'fr',b'FO',2.0,32,27.458660316467352,-27.458660316467352,0.04360675811767578,0.0,-36.76443386077881,0.0,-2.0
1550348695.645887,b'bl',b'SK',1.0,32,0.0,0.0,0.04217886924743652,0.0,0.0,0.0,0.0
1550348695.6503348,b'br',b'SK',1.0,32,0.0,0.0,0.03579282760620117,0.0,0.0,0.0,0.0
1550348695.6713517,b'fl',b'SK',359.0,32,0.0,0.0,0.040352582931518555,0.0,0.0,0.0,0.0
1550348695.6753938,b'fr',b'FO',2.0,32,27.49615287780768,-27.49615287780768,0.03124380111694336,0.0,-36.826921463012695,0.0,-2.0
1550348695.6797318,b'bl',b'SK',1.0,32,0.0,0.0,0.0338747501373291,0.0,0.0,0.0,0.0
1550348695.6861117,b'br',b'SK',1.0,32,0.0,0.0,0.036200761795043945,0.0,0.0,0.0,0.0
1550348695.7110946,b'fl',b'SK',359.0,32,0.0,0.0,0.04082083702087402,0.0,0.0,0.0,0.0
1550348695.7167995,b'fr',b'FO',2.0,32,27.54602108001715,-27.54602108001715,0.04155683517456055,0.0,-36.910035133361816,0.0,-2.0
1550348695.7207885,b'bl',b'SK',1.0,32,0.0,0.0,0.040155887603759766,0.0,0.0,0.0,0.0
1550348695.7296956,b'br',b'SK',1.0,32,0.0,0.0,0.04349780082702637,0.0,0.0,0.0,0.0
1550348695.7482023,b'fl',b'SK',359.0,32,0.0,0.0,0.036647796630859375,0.0,0.0,0.0,0.0
1550348695.7539544,b'fr',b'FO',2.0,32,27.590415859222478,-27.590415859222478,0.036995649337768555,0.0,-36.98402643203735,0.0,-2.0
1550348695.7577384,b'bl',b'SK',1.0,32,0.0,0.0,0.0378568172454834,0.0,0.0,0.0,0.0
1550348695.7664413,b'br',b'SK',1.0,32,0.0,0.0,0.03685259819030762,0.0,0.0,0.0,0.0
1550348695.7875552,b'fl',b'SK',359.0,32,0.0,0.0,0.039920806884765625,0.0,0.0,0.0,0.0
1550348695.7909112,b'fr',b'FO',2.0,32,27.634293651580872,-27.634293651580872,0.03656482696533203,0.0,-37.05715608596802,0.0,-2.0
1550348695.797595,b'bl',b'SK',1.0,32,0.0,0.0,0.03985261917114258,0.0,0.0,0.0,0.0
1550348695.8109019,b'br',b'SK',1.0,32,0.0,0.0,0.0445249080657959,0.0,0.0,0.0,0.0
1550348695.81883,b'fl',b'SK',359.0,32,0.0,0.0,0.03109884262084961,0.0,0.0,0.0,0.0
1550348695.823138,b'fr',b'FO',2.0,32,27.673614978790347,-27.673614978790347,0.03276777267456055,0.0,-37.12269163131714,0.0,-2.0
1550348695.828364,b'bl',b'SK',1.0,32,0.0,0.0,0.030025959014892578,0.0,0.0,0.0,0.0
1550348695.831704,b'br',b'SK',1.0,32,0.0,0.0,0.0202789306640625,0.0,0.0,0.0,0.0
1550348695.852687,b'fl',b'SK',359.0,32,0.0,0.0,0.03387784957885742,0.0,0.0,0.0,0.0
1550348695.8629806,b'fr',b'FO',2.0,32,27.721432399749823,-27.721432399749823,0.03984785079956055,0.0,-37.20238733291626,0.0,-2.0
1550348695.8667786,b'bl',b'SK',1.0,32,0.0,0.0,0.03809976577758789,0.0,0.0,0.0,0.0
1550348695.8756847,b'br',b'SK',1.0,32,0.0,0.0,0.04450058937072754,0.0,0.0,0.0,0.0
1550348695.8997104,b'fl',b'SK',359.0,32,0.0,0.0,0.047107696533203125,0.0,0.0,0.0,0.0
1550348695.9052515,b'fr',b'FO',2.0,32,27.77215719223029,-27.77215719223029,0.042270660400390625,0.0,-37.28692865371704,0.0,-2.0
1550348695.9117105,b'bl',b'SK',1.0,32,0.0,0.0,0.045987606048583984,0.0,0.0,0.0,0.0
1550348695.9174564,b'br',b'SK',1.0,32,0.0,0.0,0.041623830795288086,0.0,0.0,0.0,0.0
1550348695.9407203,b'fl',b'SK',359.0,32,0.0,0.0,0.0410008430480957,0.0,0.0,0.0,0.0
1550348695.9438953,b'fr',b'FO',2.0,32,27.818527507782047,-27.818527507782047,0.038641929626464844,0.0,-37.36421251296997,0.0,-2.0
1550348695.9522772,b'bl',b'SK',1.0,32,0.0,0.0,0.04057192802429199,0.0,0.0,0.0,0.0
1550348695.9568071,b'br',b'SK',1.0,32,0.0,0.0,0.03949689865112305,0.0,0.0,0.0,0.0
1550348695.984091,b'fl',b'SK',359.0,32,0.0,0.0,0.04345369338989258,0.0,0.0,0.0,0.0
1550348695.987301,b'fr',b'FO',2.0,32,27.870050239563053,-27.870050239563053,0.04293560981750488,0.0,-37.45008373260498,0.0,-2.0
1550348695.989682,b'bl',b'SK',1.0,32,0.0,0.0,0.03688764572143555,0.0,0.0,0.0,0.0
1550348695.993492,b'br',b'SK',1.0,32,0.0,0.0,0.03654670715332031,0.0,0.0,0.0,0.0
1550348696.013702,b'fl',b'SK',359.0,32,0.0,0.0,0.02960491180419922,0.0,0.0,0.0,0.0
1550348696.019831,b'fr',b'FO',2.0,32,27.909453392028873,-27.909453392028873,0.032835960388183594,0.0,-37.51575565338135,0.0,-2.0
1550348696.0321608,b'bl',b'SK',1.0,32,0.0,0.0,0.042987823486328125,0.0,0.0,0.0,0.0
1550348696.0367918,b'br',b'SK',1.0,32,0.0,0.0,0.04343461990356445,0.0,0.0,0.0,0.0
1550348696.0586545,b'fl',b'SK',359.0,32,0.0,0.0,0.043660640716552734,0.0,0.0,0.0,0.0
1550348696.0700545,b'fr',b'FO',2.0,32,27.967981910705635,-27.967981910705635,0.048773765563964844,0.0,-37.61330318450928,0.0,-2.0
1550348696.0734336,b'bl',b'SK',1.0,32,0.0,0.0,0.04126691818237305,0.0,0.0,0.0,0.0
1550348696.0831926,b'br',b'SK',1.0,32,0.0,0.0,0.04640078544616699,0.0,0.0,0.0,0.0
1550348696.1079593,b'fl',b'SK',359.0,32,0.0,0.0,0.0505366325378418,0.0,0.0,0.0,0.0
1550348696.1187403,b'fr',b'FO',2.0,32,28.02811117172248,-28.02811117172248,0.050107717514038086,0.0,-37.71351861953735,0.0,-2.0
1550348696.1243253,b'bl',b'SK',1.0,32,0.0,0.0,0.05003070831298828,0.0,0.0,0.0,0.0
1550348696.1266813,b'br',b'SK',1.0,32,0.0,0.0,0.04334688186645508,0.0,0.0,0.0,0.0
1550348696.1509562,b'fl',b'SK',359.0,32,0.0,0.0,0.04305386543273926,0.0,0.0,0.0,0.0
1550348696.154416,b'fr',b'FO',2.0,32,28.071156120300362,-28.071156120300362,0.03587079048156738,0.0,-37.78526020050049,0.0,-2.0
1550348696.157826,b'bl',b'SK',1.0,32,0.0,0.0,0.03313779830932617,0.0,0.0,0.0,0.0
1550348696.162007,b'br',b'SK',1.0,32,0.0,0.0,0.035399675369262695,0.0,0.0,0.0,0.0
1550348696.180423,b'fl',b'SK',359.0,32,0.0,0.0,0.02940082550048828,0.0,0.0,0.0,0.0
1550348696.1846378,b'fr',b'FO',2.0,32,28.10742330551154,-28.10742330551154,0.030222654342651367,0.0,-37.84570550918579,0.0,-2.0
1550348696.1871548,b'bl',b'SK',1.0,32,0.0,0.0,0.030487775802612305,0.0,0.0,0.0,0.0
1550348696.1939828,b'br',b'SK',1.0,32,0.0,0.0,0.03119182586669922,0.0,0.0,0.0,0.0
1550348696.2192926,b'fl',b'SK',359.0,32,0.0,0.0,0.03885674476623535,0.0,0.0,0.0,0.0
1550348696.2266936,b'fr',b'FO',2.0,32,28.15763826370246,-28.15763826370246,0.04184579849243164,0.0,-37.929397106170654,0.0,-2.0
1550348696.2330747,b'bl',b'SK',1.0,32,0.0,0.0,0.04582381248474121,0.0,0.0,0.0,0.0
1550348696.2446685,b'br',b'SK',1.0,32,0.0,0.0,0.0509638786315918,0.0,0.0,0.0,0.0
1550348696.2629015,b'fl',b'SK',359.0,32,0.0,0.0,0.043524742126464844,0.0,0.0,0.0,0.0
1550348696.2688544,b'fr',b'FO',2.0,32,28.208466339111393,-28.208466339111393,0.04235672950744629,0.0,-38.01411056518555,0.0,-2.0
1550348696.2804024,b'bl',b'SK',1.0,32,0.0,0.0,0.047414541244506836,0.0,0.0,0.0,0.0
1550348696.2838433,b'br',b'SK',1.0,32,0.0,0.0,0.03975558280944824,0.0,0.0,0.0,0.0
1550348696.3110652,b'fl',b'SK',359.0,32,0.0,0.0,0.04832577705383301,0.0,0.0,0.0,0.0
1550348696.317676,b'fr',b'FO',2.0,32,28.26707181930549,-28.26707181930549,0.048837900161743164,0.0,-38.11178636550903,0.0,-2.0
1550348696.3239982,b'bl',b'SK',1.0,32,0.0,0.0,0.04290294647216797,0.0,0.0,0.0,0.0
1550348696.327167,b'br',b'SK',1.0,32,0.0,0.0,0.042781829833984375,0.0,0.0,0.0,0.0
1550348696.349452,b'fl',b'SK',359.0,32,0.0,0.0,0.03784966468811035,0.0,0.0,0.0,0.0
1550348696.3576849,b'fr',b'FO',2.0,32,28.314081573486394,-28.314081573486394,0.039174795150756836,0.0,-38.19013595581055,0.0,-2.0
1550348696.36127,b'bl',b'SK',1.0,32,0.0,0.0,0.03804469108581543,0.0,0.0,0.0,0.0
1550348696.3729439,b'br',b'SK',1.0,32,0.0,0.0,0.04631376266479492,0.0,0.0,0.0,0.0
